156268	5	0	-0.3	0.3	0	2	3	5	6
00000	00.0149	-0.0009	00	00	02	00.2500	-0.1483	00	00	02	-0.1325	-0.0369	00	00	02	00.0941	00.0215	00	00	02	-0.0346	00.0635	00	00	02
00001	00.0094	00.0051	00	00	02	00.2508	-0.1402	00	00	02	-0.1312	-0.0289	00	00	02	00.0873	00.0260	00	00	02	-0.0299	00.0565	00	00	02
00002	00.0012	00.0079	00	00	02	00.2453	-0.1325	00	00	02	-0.1254	-0.0207	00	00	02	00.0778	00.0247	00	00	02	-0.0253	00.0491	00	00	02
00003	-0.0011	00.0054	00	00	02	00.2358	-0.1309	00	00	02	-0.1195	-0.0126	00	00	02	00.0720	00.0171	00	00	02	-0.0267	00.0470	00	00	02
00004	-0.0040	00.0028	00	00	02	00.2265	-0.1343	00	00	02	-0.1137	-0.0045	00	00	02	00.0707	00.0072	00	00	02	-0.0276	00.0450	00	00	02
00005	-0.0076	-0.0000	00	00	02	00.2171	-0.1378	00	00	02	-0.1078	00.0036	00	00	02	00.0694	-0.0027	00	00	02	-0.0277	00.0431	00	00	02
00006	-0.0129	-0.0027	00	00	02	00.2078	-0.1414	00	00	02	-0.1019	00.0117	00	00	02	00.0682	-0.0126	00	00	02	-0.0262	00.0411	00	00	02
00007	-0.0206	-0.0038	00	00	02	00.1984	-0.1449	00	00	02	-0.0961	00.0198	00	00	02	00.0670	-0.0225	00	00	02	-0.0221	00.0376	00	00	02
00008	-0.0299	-0.0011	00	00	02	00.1890	-0.1485	00	00	02	-0.0902	00.0279	00	00	02	00.0657	-0.0325	00	00	02	-0.0165	00.0303	00	00	02
00009	-0.0392	00.0025	00	00	02	00.1797	-0.1520	00	00	02	-0.0843	00.0360	00	00	02	00.0645	-0.0424	00	00	02	-0.0109	00.0220	00	00	02
00010	-0.0485	00.0061	00	00	02	00.1703	-0.1555	00	00	02	-0.0785	00.0441	00	00	02	00.0633	-0.0523	00	00	02	-0.0053	00.0137	00	00	02
00011	-0.0579	00.0098	00	00	02	00.1610	-0.1591	00	00	02	-0.0726	00.0522	00	00	02	00.0620	-0.0622	00	00	02	00.0003	00.0054	00	00	02
00012	-0.0672	00.0134	00	00	02	00.1516	-0.1626	00	00	02	-0.0668	00.0603	00	00	02	00.0608	-0.0722	00	00	02	00.0059	-0.0029	00	00	02
00013	-0.0765	00.0170	00	00	02	00.1423	-0.1661	00	00	02	-0.0609	00.0684	00	00	02	00.0595	-0.0821	00	00	02	00.0115	-0.0111	00	00	02
00014	-0.0858	00.0207	00	00	02	00.1329	-0.1697	00	00	02	-0.0550	00.0765	00	00	02	00.0583	-0.0920	00	00	02	00.0171	-0.0194	00	00	02
00015	-0.0951	00.0243	00	00	02	00.1236	-0.1732	00	00	02	-0.0492	00.0846	00	00	02	00.0571	-0.1019	00	00	02	00.0226	-0.0277	00	00	02
00016	-0.1044	00.0279	00	00	02	00.1142	-0.1768	00	00	02	-0.0433	00.0927	00	00	02	00.0558	-0.1119	00	00	02	00.0282	-0.0360	00	00	02
00017	-0.1138	00.0315	00	00	02	00.1049	-0.1803	00	00	02	-0.0374	00.1008	00	00	02	00.0546	-0.1218	00	00	02	00.0338	-0.0443	00	00	02
00018	-0.1231	00.0352	00	00	02	00.0955	-0.1838	00	00	02	-0.0316	00.1089	00	00	02	00.0509	-0.1307	00	00	02	00.0394	-0.0526	00	00	02
00019	-0.1324	00.0388	00	00	02	00.0862	-0.1874	00	00	02	-0.0257	00.1170	00	00	02	00.0421	-0.1344	00	00	02	00.0450	-0.0609	00	00	02
00020	-0.1401	00.0446	00	00	02	00.0768	-0.1909	00	00	02	-0.0198	00.1251	00	00	02	00.0322	-0.1333	00	00	02	00.0506	-0.0692	00	00	02
00021	-0.1416	00.0540	00	00	02	00.0674	-0.1944	00	00	02	-0.0140	00.1332	00	00	02	00.0223	-0.1320	00	00	02	00.0562	-0.0774	00	00	02
00022	-0.1407	00.0636	00	00	02	00.0581	-0.1980	00	00	02	-0.0081	00.1413	00	00	02	00.0123	-0.1308	00	00	02	00.0618	-0.0857	00	00	02
00023	-0.1467	00.0711	00	00	02	00.0487	-0.2015	00	00	02	-0.0022	00.1494	00	00	02	00.0024	-0.1296	00	00	02	00.0674	-0.0940	00	00	02
00024	-0.1543	00.0769	00	00	02	00.0394	-0.2050	00	00	02	00.0053	00.1554	00	00	02	-0.0075	-0.1283	00	00	02	00.0730	-0.1023	00	00	02
00025	-0.1558	00.0864	00	00	02	00.0300	-0.2086	00	00	02	00.0148	00.1544	00	00	02	-0.0174	-0.1271	00	00	02	00.0786	-0.1106	00	00	02
00026	-0.1549	00.0960	00	00	02	00.0207	-0.2121	00	00	02	00.0238	00.1511	00	00	02	-0.0269	-0.1285	00	00	02	00.0817	-0.1197	00	00	02
00027	-0.1609	00.1034	00	00	02	00.0113	-0.2157	00	00	02	00.0326	00.1550	00	00	02	-0.0327	-0.1361	00	00	02	00.0775	-0.1283	00	00	02
00028	-0.1685	00.1093	00	00	02	00.0020	-0.2192	00	00	02	00.0402	00.1610	00	00	02	-0.0341	-0.1460	00	00	02	00.0685	-0.1315	00	00	02
00029	-0.1700	00.1187	00	00	02	-0.0074	-0.2227	00	00	02	00.0497	00.1600	00	00	02	-0.0353	-0.1559	00	00	02	00.0599	-0.1273	00	00	02
00030	-0.1665	00.1281	00	00	02	-0.0167	-0.2263	00	00	02	00.0587	00.1567	00	00	02	-0.0390	-0.1648	00	00	02	00.0542	-0.1191	00	00	02
00031	-0.1629	00.1374	00	00	02	-0.0261	-0.2298	00	00	02	00.0675	00.1606	00	00	02	-0.0478	-0.1685	00	00	02	00.0486	-0.1108	00	00	02
00032	-0.1571	00.1451	00	00	02	-0.0354	-0.2333	00	00	02	00.0751	00.1665	00	00	02	-0.0577	-0.1674	00	00	02	00.0430	-0.1025	00	00	02
00033	-0.1476	00.1466	00	00	02	-0.0448	-0.2369	00	00	02	00.0846	00.1656	00	00	02	-0.0676	-0.1662	00	00	02	00.0374	-0.0942	00	00	02
00034	-0.1383	00.1431	00	00	02	-0.0542	-0.2404	00	00	02	00.0906	00.1582	00	00	02	-0.0776	-0.1649	00	00	02	00.0318	-0.0859	00	00	02
00035	-0.1290	00.1394	00	00	02	-0.0635	-0.2439	00	00	02	00.0897	00.1487	04	00	01	-0.0875	-0.1637	00	00	02	00.0262	-0.0777	00	00	02
00036	-0.1197	00.1358	00	00	02	-0.0729	-0.2475	00	00	02	00.0839	00.1405	04	00	01	-0.0970	-0.1651	00	00	02	00.0189	-0.0714	00	00	02
00037	-0.1104	00.1322	00	00	02	-0.0822	-0.2510	00	00	02	00.0781	00.1324	04	00	01	-0.1028	-0.1727	00	00	02	00.0094	-0.0721	00	00	02
00038	-0.1010	00.1285	00	00	02	-0.0916	-0.2546	00	00	02	00.0722	00.1243	04	00	01	-0.1066	-0.1815	00	00	02	00.0010	-0.0775	00	00	02
00039	-0.0917	00.1249	00	00	02	-0.1009	-0.2581	00	00	02	00.0663	00.1162	04	00	01	-0.1154	-0.1853	00	00	02	-0.0072	-0.0831	00	00	02
00040	-0.0824	00.1213	00	00	02	-0.1103	-0.2616	00	00	02	00.0605	00.1081	04	00	01	-0.1243	-0.1817	00	00	02	-0.0164	-0.0862	00	00	02
00041	-0.0731	00.1176	00	00	02	-0.1196	-0.2652	00	00	02	00.0546	00.1000	04	00	01	-0.1280	-0.1729	01	00	02	-0.0250	-0.0821	00	00	02
00042	-0.0638	00.1140	00	00	02	-0.1290	-0.2687	00	00	02	00.0487	00.0919	04	00	01	-0.1295	-0.1634	01	00	02	-0.0307	-0.0738	00	00	02
00043	-0.0545	00.1104	00	00	02	-0.1383	-0.2722	00	00	02	00.0429	00.0838	04	00	01	-0.1371	-0.1576	01	00	02	-0.0363	-0.0656	00	00	02
00044	-0.0451	00.1067	00	00	02	-0.1477	-0.2752	00	00	02	00.0370	00.0757	04	00	01	-0.1460	-0.1538	01	00	02	-0.0418	-0.0573	00	00	02
00045	-0.0358	00.1031	00	00	02	-0.1568	-0.2752	00	00	02	00.0311	00.0676	04	00	01	-0.1497	-0.1450	01	00	02	-0.0474	-0.0490	00	00	02
00046	-0.0281	00.0974	00	00	02	-0.1659	-0.2752	00	00	02	00.0253	00.0595	04	00	01	-0.1512	-0.1355	01	00	02	-0.0530	-0.0407	00	00	02
00047	-0.0266	00.0879	00	00	02	-0.1750	-0.2752	00	00	02	00.0194	00.0514	04	00	01	-0.1588	-0.1297	01	00	02	-0.0586	-0.0324	00	00	02
00048	-0.0275	00.0783	00	00	02	-0.1845	-0.2757	00	00	02	00.0161	00.0424	04	00	01	-0.1677	-0.1259	01	00	02	-0.0660	-0.0262	00	00	02
00049	-0.0216	00.0708	00	00	02	-0.1919	-0.2697	00	00	02	00.0199	00.0337	04	00	01	-0.1714	-0.1171	01	00	02	-0.0755	-0.0268	00	00	02
00050	-0.0123	00.0671	00	00	02	-0.1956	-0.2604	00	00	02	00.0259	00.0261	04	00	01	-0.1729	-0.1076	01	00	02	-0.0838	-0.0323	00	00	02
00051	-0.0030	00.0635	00	00	02	-0.1991	-0.2510	00	00	02	00.0249	00.0166	04	00	01	-0.1806	-0.1018	01	00	02	-0.0921	-0.0379	00	00	02
00052	00.0047	00.0577	00	00	02	-0.2026	-0.2417	00	00	02	00.0191	00.0084	04	00	01	-0.1894	-0.0980	01	00	02	-0.1012	-0.0410	00	00	02
00053	00.0062	00.0483	00	00	02	-0.2062	-0.2323	01	00	02	00.0133	00.0003	04	00	01	-0.1931	-0.0892	01	00	02	-0.1098	-0.0368	00	00	02
00054	00.0053	00.0387	00	00	02	-0.2097	-0.2230	01	00	02	00.0074	-0.0078	04	00	01	-0.1946	-0.0797	01	00	02	-0.1155	-0.0286	00	00	02
00055	00.0113	00.0312	00	00	02	-0.2133	-0.2136	01	00	02	00.0015	-0.0159	04	00	01	-0.2023	-0.0739	01	00	02	-0.1211	-0.0203	00	00	02
00056	00.0189	00.0254	00	00	02	-0.2168	-0.2042	01	00	02	-0.0043	-0.0240	04	00	01	-0.2111	-0.0701	01	00	02	-0.1267	-0.0120	00	00	02
00057	00.0204	00.0159	00	00	02	-0.2203	-0.1949	01	00	02	-0.0102	-0.0321	04	00	01	-0.2148	-0.0613	01	00	02	-0.1323	-0.0037	00	00	02
00058	00.0195	00.0063	00	00	02	-0.2212	-0.1853	01	00	02	-0.0160	-0.0402	04	00	01	-0.2164	-0.0518	01	00	02	-0.1379	00.0045	00	00	02
00059	00.0255	-0.0012	00	00	02	-0.2152	-0.1779	01	00	02	-0.0219	-0.0483	01	00	02	-0.2240	-0.0460	01	00	02	-0.1435	00.0128	00	00	02
00060	00.0332	-0.0070	00	00	02	-0.2075	-0.1721	01	00	02	-0.0253	-0.0573	01	00	02	-0.2328	-0.0422	01	00	02	-0.1508	00.0191	00	00	02
00061	00.0346	-0.0165	00	00	02	-0.2059	-0.1627	01	00	02	-0.0214	-0.0660	01	00	02	-0.2366	-0.0334	01	00	02	-0.1604	00.0184	00	00	02
00062	00.0338	-0.0260	00	00	02	-0.2093	-0.1533	01	00	02	-0.0155	-0.0736	01	00	02	-0.2381	-0.0239	01	00	02	-0.1695	00.0155	00	00	02
00063	00.0397	-0.0335	00	00	02	-0.2129	-0.1440	01	00	02	-0.0164	-0.0831	01	00	02	-0.2457	-0.0181	01	00	02	-0.1781	00.0196	00	00	02
00064	00.0474	-0.0394	00	00	02	-0.2137	-0.1344	01	00	02	-0.0222	-0.0913	01	00	02	-0.2552	-0.0194	01	00	02	-0.1855	00.0258	00	00	02
00065	00.0488	-0.0488	00	00	02	-0.2077	-0.1270	01	00	02	-0.0281	-0.0994	01	00	02	-0.2609	-0.0270	01	00	02	-0.1951	00.0251	00	00	02
00066	00.0453	-0.0581	00	00	02	-0.2000	-0.1212	01	00	02	-0.0356	-0.1054	01	00	02	-0.2597	-0.0365	01	00	02	-0.2034	00.0197	00	00	02
00067	00.0417	-0.0675	00	00	02	-0.1984	-0.1118	01	00	02	-0.0451	-0.1044	01	00	02	-0.2520	-0.0423	01	00	02	-0.2117	00.0141	00	00	02
00068	00.0381	-0.0768	00	00	02	-0.1992	-0.1022	01	00	02	-0.0511	-0.0970	01	00	02	-0.2422	-0.0436	01	00	02	-0.2208	00.0110	00	00	02
00069	00.0344	-0.0861	00	00	02	-0.1932	-0.0947	01	00	02	-0.0502	-0.0875	01	00	02	-0.2322	-0.0449	01	00	02	-0.2294	00.0151	00	00	02
00070	00.0308	-0.0954	00	00	02	-0.1855	-0.0890	01	00	02	-0.0444	-0.0794	01	00	02	-0.2223	-0.0461	01	00	02	-0.2351	00.0234	00	00	02
00071	00.0272	-0.1047	00	00	02	-0.1812	-0.0806	01	00	02	-0.0386	-0.0713	01	00	02	-0.2149	-0.0463	01	00	02	-0.2407	00.0316	00	00	02
00072	00.0235	-0.1141	00	00	02	-0.1786	-0.0765	01	00	02	-0.0327	-0.0632	01	00	02	-0.2078	-0.0432	01	00	02	-0.2480	00.0379	00	00	02
00073	00.0199	-0.1234	00	00	02	-0.1723	-0.0698	01	00	02	-0.0268	-0.0551	01	00	02	-0.1983	-0.0430	01	00	02	-0.2575	00.0372	00	00	02
00074	00.0163	-0.1327	00	00	02	-0.1581	-0.0652	01	00	02	-0.0210	-0.0470	01	00	02	-0.1932	-0.0436	01	00	02	-0.2638	00.0300	00	00	02
00075	00.0126	-0.1420	00	00	02	-0.1435	-0.0551	01	00	02	-0.0151	-0.0389	01	00	02	-0.1881	-0.0452	01	00	02	-0.2632	00.0205	00	00	02
00076	00.0090	-0.1513	00	00	02	-0.1413	-0.0448	01	00	02	-0.0092	-0.0308	01	00	02	-0.1788	-0.0465	01	00	02	-0.2577	00.0122	00	00	02
00077	00.0054	-0.1606	00	00	02	-0.1352	-0.0374	01	00	02	-0.0034	-0.0227	01	00	02	-0.1689	-0.0478	01	00	02	-0.2521	00.0039	01	00	02
00078	00.0017	-0.1700	00	00	02	-0.1275	-0.0316	01	00	02	00.0025	-0.0146	01	00	02	-0.1600	-0.0515	01	00	02	-0.2465	-0.0044	01	00	02
00079	-0.0019	-0.1793	00	00	02	-0.1260	-0.0222	01	00	02	00.0084	-0.0065	01	00	02	-0.1563	-0.0603	01	00	02	-0.2409	-0.0127	01	00	02
00080	-0.0076	-0.1870	00	00	02	-0.1294	-0.0128	01	00	02	00.0142	00.0016	01	00	02	-0.1548	-0.0698	01	00	02	-0.2353	-0.0210	01	00	02
00081	-0.0171	-0.1885	00	00	02	-0.1329	-0.0034	01	00	02	00.0201	00.0097	01	00	02	-0.1472	-0.0756	01	00	02	-0.2297	-0.0293	01	00	02
00082	-0.0267	-0.1876	00	00	02	-0.1338	00.0061	01	00	02	00.0260	00.0178	01	00	02	-0.1383	-0.0794	01	00	02	-0.2241	-0.0376	01	00	02
00083	-0.0342	-0.1935	00	00	02	-0.1278	00.0136	01	00	02	00.0318	00.0259	04	00	01	-0.1346	-0.0882	01	00	02	-0.2185	-0.0458	01	00	02
00084	-0.0379	-0.2028	00	00	02	-0.1201	00.0193	01	00	02	00.0377	00.0340	04	00	01	-0.1331	-0.0977	01	00	02	-0.2129	-0.0541	01	00	02
00085	-0.0415	-0.2121	00	00	02	-0.1185	00.0288	01	00	02	00.0436	00.0421	04	00	01	-0.1255	-0.1035	01	00	02	-0.2073	-0.0624	01	00	02
00086	-0.0473	-0.2198	00	00	02	-0.1193	00.0384	01	00	02	00.0494	00.0502	04	00	01	-0.1166	-0.1073	01	00	02	-0.2017	-0.0707	01	00	02
00087	-0.0567	-0.2213	00	00	02	-0.1132	00.0458	01	00	02	00.0553	00.0583	04	00	01	-0.1129	-0.1161	01	00	02	-0.1961	-0.0790	01	00	02
00088	-0.0663	-0.2204	00	00	02	-0.1055	00.0515	01	00	02	00.0611	00.0664	04	00	01	-0.1114	-0.1256	01	00	02	-0.1905	-0.0873	01	00	02
00089	-0.0738	-0.2264	00	00	02	-0.1040	00.0610	01	00	02	00.0670	00.0745	04	00	01	-0.1037	-0.1314	01	00	02	-0.1849	-0.0956	01	00	02
00090	-0.0796	-0.2340	00	00	02	-0.1047	00.0706	01	00	02	00.0729	00.0826	04	00	01	-0.0949	-0.1352	01	00	02	-0.1793	-0.1038	01	00	02
00091	-0.0891	-0.2355	00	00	02	-0.0987	00.0780	01	00	02	00.0787	00.0907	04	00	01	-0.0912	-0.1440	01	00	02	-0.1737	-0.1121	01	00	02
00092	-0.0987	-0.2346	00	00	02	-0.0894	00.0816	01	00	02	00.0846	00.0988	04	00	01	-0.0897	-0.1535	01	00	02	-0.1681	-0.1204	01	00	02
00093	-0.1062	-0.2406	00	00	02	-0.0800	00.0852	01	00	02	00.0905	00.1069	04	00	01	-0.0820	-0.1593	01	00	02	-0.1625	-0.1287	01	00	02
00094	-0.1120	-0.2483	00	00	02	-0.0705	00.0860	01	00	02	00.0980	00.1129	04	00	01	-0.0732	-0.1631	01	00	02	-0.1569	-0.1370	01	00	02
00095	-0.1215	-0.2497	00	00	02	-0.0630	00.0800	01	00	02	00.1075	00.1120	04	00	01	-0.0695	-0.1719	01	00	02	-0.1513	-0.1453	01	00	02
00096	-0.1292	-0.2441	00	00	02	-0.0621	00.0705	01	00	02	00.1166	00.1087	04	00	01	-0.0706	-0.1818	01	00	02	-0.1457	-0.1536	01	00	02
00097	-0.1307	-0.2346	00	00	02	-0.0681	00.0631	01	00	02	00.1253	00.1126	04	00	01	-0.0718	-0.1917	01	00	02	-0.1401	-0.1619	01	00	02
00098	-0.1298	-0.2250	00	00	02	-0.0758	00.0573	01	00	02	00.1312	00.1206	04	00	01	-0.0731	-0.2016	01	00	02	-0.1345	-0.1701	01	00	02
00099	-0.1357	-0.2176	00	00	02	-0.0774	00.0479	01	00	02	00.1371	00.1287	04	00	01	-0.0743	-0.2115	01	00	02	-0.1289	-0.1784	01	00	02
00100	-0.1450	-0.2138	00	00	02	-0.0766	00.0383	01	00	02	00.1446	00.1347	04	00	01	-0.0755	-0.2215	01	00	02	-0.1233	-0.1867	01	00	02
00101	-0.1543	-0.2102	01	00	02	-0.0826	00.0309	01	00	02	00.1541	00.1338	04	00	01	-0.0768	-0.2314	01	00	02	-0.1177	-0.1950	01	00	02
00102	-0.1620	-0.2045	01	00	02	-0.0904	00.0251	01	00	02	00.1602	00.1264	04	00	01	-0.0780	-0.2413	01	00	02	-0.1121	-0.2033	01	00	02
00103	-0.1635	-0.1950	01	00	02	-0.0919	00.0156	01	00	02	00.1592	00.1168	04	00	01	-0.0792	-0.2512	01	00	02	-0.1065	-0.2116	01	00	02
00104	-0.1626	-0.1854	01	00	02	-0.0911	00.0061	01	00	02	00.1535	00.1087	04	00	01	-0.0829	-0.2601	01	00	02	-0.1035	-0.2207	01	00	02
00105	-0.1686	-0.1779	01	00	02	-0.0972	-0.0014	01	00	02	00.1476	00.1006	04	00	01	-0.0918	-0.2648	00	00	02	-0.1076	-0.2287	01	00	02
00106	-0.1762	-0.1721	01	00	02	-0.1049	-0.0071	01	00	02	00.1417	00.0925	04	00	01	-0.1007	-0.2645	00	00	02	-0.1166	-0.2316	01	00	02
00107	-0.1777	-0.1626	01	00	02	-0.1065	-0.0166	01	00	02	00.1359	00.0844	04	00	01	-0.1044	-0.2557	00	00	02	-0.1252	-0.2275	01	00	02
00108	-0.1768	-0.1531	01	00	02	-0.1057	-0.0262	01	00	02	00.1300	00.0763	04	00	01	-0.1033	-0.2458	00	00	02	-0.1309	-0.2193	01	00	02
00109	-0.1828	-0.1456	01	00	02	-0.1117	-0.0336	01	00	02	00.1241	00.0682	04	00	01	-0.1020	-0.2359	00	00	02	-0.1365	-0.2110	01	00	02
00110	-0.1904	-0.1397	01	00	02	-0.1194	-0.0394	01	00	02	00.1183	00.0601	04	00	01	-0.1008	-0.2260	00	00	02	-0.1421	-0.2027	01	00	02
00111	-0.1919	-0.1303	01	00	02	-0.1210	-0.0488	01	00	02	00.1124	00.0520	04	00	01	-0.0996	-0.2161	00	00	02	-0.1477	-0.1944	01	00	02
00112	-0.1911	-0.1207	01	00	02	-0.1202	-0.0584	01	00	02	00.1065	00.0439	04	00	01	-0.1010	-0.2065	00	00	02	-0.1533	-0.1861	01	00	02
00113	-0.1970	-0.1132	01	00	02	-0.1263	-0.0658	01	00	02	00.1007	00.0358	04	00	01	-0.1086	-0.2008	00	00	02	-0.1589	-0.1778	01	00	02
00114	-0.2047	-0.1074	01	00	02	-0.1340	-0.0716	01	00	02	00.0948	00.0277	04	00	01	-0.1174	-0.1970	00	00	02	-0.1645	-0.1695	01	00	02
00115	-0.2061	-0.0979	01	00	02	-0.1355	-0.0810	01	00	02	00.0890	00.0196	04	00	01	-0.1212	-0.1882	00	00	02	-0.1701	-0.1613	01	00	02
00116	-0.2053	-0.0883	01	00	02	-0.1348	-0.0906	01	00	02	00.0831	00.0115	04	00	01	-0.1200	-0.1782	00	00	02	-0.1757	-0.1530	01	00	02
00117	-0.2112	-0.0808	01	00	02	-0.1408	-0.0980	01	00	02	00.0772	00.0034	04	00	01	-0.1188	-0.1683	00	00	02	-0.1813	-0.1447	01	00	02
00118	-0.2189	-0.0750	01	00	02	-0.1485	-0.1038	01	00	02	00.0714	-0.0047	04	00	01	-0.1202	-0.1588	00	00	02	-0.1869	-0.1364	01	00	02
00119	-0.2203	-0.0655	01	00	02	-0.1510	-0.1125	01	00	02	00.0655	-0.0128	04	00	01	-0.1269	-0.1537	00	00	02	-0.1925	-0.1281	01	00	02
00120	-0.2195	-0.0560	01	00	02	-0.1497	-0.1127	01	00	02	00.0596	-0.0209	04	00	01	-0.1364	-0.1596	00	00	02	-0.1981	-0.1198	01	00	02
00121	-0.2254	-0.0485	01	00	02	-0.1553	-0.1181	01	00	02	00.0538	-0.0290	04	00	01	-0.1410	-0.1563	00	00	02	-0.2037	-0.1115	01	00	02
00122	-0.2331	-0.0426	01	00	02	-0.1646	-0.1217	01	00	02	00.0479	-0.0371	04	00	01	-0.1399	-0.1463	00	00	02	-0.2093	-0.1032	01	00	02
00123	-0.2346	-0.0332	01	00	02	-0.1739	-0.1252	01	00	02	00.0420	-0.0452	04	00	01	-0.1387	-0.1364	00	00	02	-0.2149	-0.0950	01	00	02
00124	-0.2337	-0.0236	01	00	02	-0.1833	-0.1288	01	00	02	00.0362	-0.0533	04	00	01	-0.1401	-0.1269	00	00	02	-0.2205	-0.0867	01	00	02
00125	-0.2396	-0.0161	01	00	02	-0.1926	-0.1323	01	00	02	00.0303	-0.0614	04	00	01	-0.1477	-0.1211	00	00	02	-0.2261	-0.0784	01	00	02
00126	-0.2473	-0.0103	01	00	02	-0.2004	-0.1380	01	00	02	00.0244	-0.0695	04	00	01	-0.1566	-0.1173	00	00	02	-0.2291	-0.0693	01	00	02
00127	-0.2488	-0.0008	01	00	02	-0.2020	-0.1475	01	00	02	00.0186	-0.0776	04	00	01	-0.1603	-0.1085	00	00	02	-0.2250	-0.0607	01	00	02
00128	-0.2479	00.0088	01	00	02	-0.2012	-0.1571	01	00	02	00.0152	-0.0866	04	00	01	-0.1592	-0.0986	00	00	02	-0.2188	-0.0533	01	00	02
00129	-0.2539	00.0163	01	00	02	-0.2072	-0.1645	01	00	02	00.0191	-0.0954	04	00	01	-0.1580	-0.0887	00	00	02	-0.2194	-0.0437	01	00	02
00130	-0.2615	00.0221	01	00	02	-0.2149	-0.1703	01	00	02	00.0250	-0.1029	04	00	01	-0.1594	-0.0792	00	00	02	-0.2249	-0.0354	01	00	02
00131	-0.2630	00.0315	01	00	02	-0.2165	-0.1797	01	00	02	00.0241	-0.1125	04	00	01	-0.1670	-0.0734	00	00	02	-0.2305	-0.0271	01	00	02
00132	-0.2595	00.0409	01	00	02	-0.2157	-0.1893	01	00	02	00.0183	-0.1206	04	00	01	-0.1759	-0.0696	00	00	02	-0.2336	-0.0180	01	00	02
00133	-0.2558	00.0502	01	00	02	-0.2217	-0.1967	01	00	02	00.0124	-0.1287	04	00	01	-0.1796	-0.0608	00	00	02	-0.2294	-0.0094	01	00	02
00134	-0.2522	00.0595	01	00	02	-0.2294	-0.2025	01	00	02	00.0049	-0.1347	04	00	01	-0.1785	-0.0509	00	00	02	-0.2212	-0.0037	01	00	02
00135	-0.2486	00.0688	01	00	02	-0.2310	-0.2119	01	00	02	-0.0046	-0.1338	04	00	01	-0.1773	-0.0410	00	00	02	-0.2129	00.0019	01	00	02
00136	-0.2449	00.0782	01	00	02	-0.2302	-0.2215	01	00	02	-0.0106	-0.1263	04	00	01	-0.1761	-0.0311	00	00	02	-0.2047	00.0075	01	00	02
00137	-0.2413	00.0875	01	00	02	-0.2362	-0.2290	01	00	02	-0.0097	-0.1168	01	00	02	-0.1749	-0.0211	00	00	02	-0.1964	00.0131	01	00	02
00138	-0.2377	00.0968	01	00	02	-0.2455	-0.2326	01	00	02	-0.0039	-0.1087	01	00	02	-0.1728	-0.0146	00	00	02	-0.1903	00.0206	01	00	02
00139	-0.2340	00.1061	01	00	02	-0.2548	-0.2361	01	00	02	00.0019	-0.1006	01	00	02	-0.1804	-0.0089	00	00	02	-0.1820	00.0262	01	00	02
00140	-0.2283	00.1138	01	00	02	-0.2644	-0.2370	01	00	02	00.0078	-0.0925	01	00	02	-0.1892	-0.0051	00	00	02	-0.1737	00.0318	01	00	02
00141	-0.2188	00.1153	01	00	02	-0.2718	-0.2310	01	00	02	00.0137	-0.0844	01	00	02	-0.1930	00.0037	00	00	02	-0.1654	00.0374	01	00	02
00142	-0.2111	00.1096	01	00	02	-0.2753	-0.2217	01	00	02	00.0195	-0.0763	01	00	02	-0.1919	00.0136	00	00	02	-0.1571	00.0430	01	00	02
00143	-0.2096	00.1002	01	00	02	-0.2753	-0.2126	01	00	02	00.0254	-0.0682	04	00	01	-0.1906	00.0235	00	00	02	-0.1488	00.0486	01	00	02
00144	-0.2105	00.0906	01	00	02	-0.2753	-0.2035	01	00	02	00.0313	-0.0601	04	00	01	-0.1920	00.0331	00	00	02	-0.1426	00.0559	01	00	02
00145	-0.2045	00.0831	01	00	02	-0.2753	-0.1944	01	00	02	00.0371	-0.0520	04	00	01	-0.1997	00.0388	00	00	02	-0.1432	00.0655	01	00	02
00146	-0.1954	00.0779	01	00	02	-0.2753	-0.1853	01	00	02	00.0430	-0.0439	04	00	01	-0.2100	00.0420	00	00	02	-0.1462	00.0746	01	00	02
00147	-0.1856	00.0680	01	00	02	-0.2753	-0.1762	01	00	02	00.0489	-0.0358	04	00	01	-0.2215	00.0510	00	00	02	-0.1420	00.0832	01	00	02
00148	-0.1853	00.0578	01	00	02	-0.2753	-0.1671	01	00	02	00.0547	-0.0277	04	00	01	-0.2215	00.0614	00	00	02	-0.1338	00.0889	01	00	02
00149	-0.1793	00.0504	01	00	02	-0.2753	-0.1580	01	00	02	00.0606	-0.0196	04	00	01	-0.2203	00.0714	00	00	02	-0.1255	00.0945	01	00	02
00150	-0.1717	00.0445	01	00	02	-0.2753	-0.1489	01	00	02	00.0664	-0.0115	04	00	01	-0.2191	00.0813	00	00	02	-0.1193	00.1018	01	00	02
00151	-0.1702	00.0351	01	00	02	-0.2753	-0.1398	01	00	02	00.0723	-0.0034	04	00	01	-0.2178	00.0912	00	00	02	-0.1199	00.1114	01	00	02
00152	-0.1711	00.0255	01	00	02	-0.2753	-0.1307	01	00	02	00.0782	00.0047	04	00	01	-0.2142	00.1001	00	00	02	-0.1271	00.1177	01	00	02
00153	-0.1651	00.0180	01	00	02	-0.2753	-0.1216	01	00	02	00.0840	00.0128	04	00	01	-0.2054	00.1039	00	00	02	-0.1367	00.1170	01	00	02
00154	-0.1574	00.0121	01	00	02	-0.2753	-0.1125	01	00	02	00.0899	00.0209	04	00	01	-0.1965	00.1003	00	00	02	-0.1430	00.1098	01	00	02
00155	-0.1560	00.0027	01	00	02	-0.2753	-0.1034	01	00	02	00.0958	00.0290	04	00	01	-0.1927	00.0915	01	00	02	-0.1423	00.1003	01	00	02
00156	-0.1568	-0.0069	01	00	02	-0.2753	-0.0943	01	00	02	00.1016	00.0371	04	00	01	-0.1912	00.0820	01	00	02	-0.1394	00.0911	01	00	02
00157	-0.1509	-0.0144	01	00	02	-0.2753	-0.0852	01	00	02	00.1075	00.0452	04	00	01	-0.1879	00.0750	01	00	02	-0.1391	00.0834	01	00	02
00158	-0.1432	-0.0202	01	00	02	-0.2757	-0.0757	01	00	02	00.1134	00.0533	04	00	01	-0.1830	00.0703	01	00	02	-0.1414	00.0769	01	00	02
00159	-0.1418	-0.0297	01	00	02	-0.2697	-0.0682	01	00	02	00.1192	00.0614	04	00	01	-0.1792	00.0615	01	00	02	-0.1407	00.0674	01	00	02
00160	-0.1426	-0.0393	01	00	02	-0.2620	-0.0625	01	00	02	00.1251	00.0695	04	00	01	-0.1777	00.0520	01	00	02	-0.1378	00.0582	01	00	02
00161	-0.1367	-0.0467	01	00	02	-0.2604	-0.0530	01	00	02	00.1310	00.0776	04	00	01	-0.1803	00.0433	01	00	02	-0.1315	00.0516	01	00	02
00162	-0.1290	-0.0526	01	00	02	-0.2612	-0.0434	01	00	02	00.1368	00.0857	04	00	01	-0.1784	00.0407	01	00	02	-0.1320	00.0446	01	00	02
00163	-0.1275	-0.0620	01	00	02	-0.2552	-0.0360	01	00	02	00.1427	00.0938	04	00	01	-0.1758	00.0323	01	00	02	-0.1370	00.0382	01	00	02
00164	-0.1284	-0.0716	01	00	02	-0.2475	-0.0302	01	00	02	00.1502	00.0998	04	00	01	-0.1799	00.0182	01	00	02	-0.1414	00.0360	01	00	02
00165	-0.1225	-0.0791	01	00	02	-0.2459	-0.0208	01	00	02	00.1597	00.0989	04	00	01	-0.1801	00.0017	01	00	02	-0.1473	00.0336	01	00	02
00166	-0.1148	-0.0849	01	00	02	-0.2467	-0.0112	01	00	02	00.1658	00.0914	04	00	01	-0.1725	-0.0048	01	00	02	-0.1555	00.0283	01	00	02
00167	-0.1133	-0.0944	01	00	02	-0.2407	-0.0038	01	00	02	00.1648	00.0819	04	00	01	-0.1687	-0.0136	01	00	02	-0.1637	00.0227	01	00	02
00168	-0.1142	-0.1040	01	00	02	-0.2330	00.0020	01	00	02	00.1590	00.0738	04	00	01	-0.1672	-0.0231	01	00	02	-0.1700	00.0154	01	00	02
00169	-0.1082	-0.1115	01	00	02	-0.2314	00.0114	01	00	02	00.1532	00.0657	04	00	01	-0.1592	-0.0292	01	00	02	-0.1698	00.0062	01	00	02
00170	-0.1006	-0.1173	01	00	02	-0.2322	00.0210	01	00	02	00.1473	00.0576	04	00	01	-0.1499	-0.0334	01	00	02	-0.1674	-0.0026	01	00	02
00171	-0.0991	-0.1268	01	00	02	-0.2262	00.0285	01	00	02	00.1415	00.0495	04	00	01	-0.1461	-0.0422	01	00	02	-0.1715	-0.0113	01	00	02
00172	-0.1048	-0.1345	01	00	02	-0.2185	00.0342	01	00	02	00.1356	00.0414	04	00	01	-0.1446	-0.0517	01	00	02	-0.1797	-0.0169	01	00	02
00173	-0.1142	-0.1360	01	00	02	-0.2169	00.0437	01	00	02	00.1297	00.0333	04	00	01	-0.1370	-0.0575	01	00	02	-0.1880	-0.0225	01	00	02
00174	-0.1236	-0.1324	01	00	02	-0.2177	00.0533	01	00	02	00.1239	00.0252	04	00	01	-0.1281	-0.0613	01	00	02	-0.1963	-0.0281	01	00	02
00175	-0.1329	-0.1288	01	00	02	-0.2117	00.0607	01	00	02	00.1180	00.0171	04	00	01	-0.1244	-0.0701	01	00	02	-0.2046	-0.0337	01	00	02
00176	-0.1422	-0.1252	01	00	02	-0.2040	00.0665	01	00	02	00.1121	00.0090	04	00	01	-0.1228	-0.0796	01	00	02	-0.2108	-0.0410	01	00	02
00177	-0.1515	-0.1215	01	00	02	-0.2024	00.0759	01	00	02	00.1063	00.0009	04	00	01	-0.1152	-0.0854	01	00	02	-0.2102	-0.0506	01	00	02
00178	-0.1608	-0.1179	01	00	02	-0.2032	00.0855	01	00	02	00.1004	-0.0072	04	00	01	-0.1064	-0.0891	01	00	02	-0.2072	-0.0597	01	00	02
00179	-0.1701	-0.1143	01	00	02	-0.1972	00.0929	01	00	02	00.0945	-0.0153	04	00	01	-0.1026	-0.0979	01	00	02	-0.2114	-0.0684	01	00	02
00180	-0.1779	-0.1085	01	00	02	-0.1895	00.0987	01	00	02	00.0912	-0.0243	04	00	01	-0.1011	-0.1074	01	00	02	-0.2196	-0.0740	01	00	02
00181	-0.1793	-0.0991	01	00	02	-0.1879	00.1082	01	00	02	00.0951	-0.0331	04	00	01	-0.0935	-0.1132	01	00	02	-0.2279	-0.0796	01	00	02
00182	-0.1785	-0.0895	01	00	02	-0.1887	00.1177	01	00	02	00.1010	-0.0407	04	00	01	-0.0846	-0.1170	01	00	02	-0.2370	-0.0827	01	00	02
00183	-0.1844	-0.0820	01	00	02	-0.1827	00.1252	01	00	02	00.1000	-0.0502	04	00	01	-0.0809	-0.1258	01	00	02	-0.2456	-0.0785	01	00	02
00184	-0.1921	-0.0762	01	00	02	-0.1734	00.1288	01	00	02	00.0943	-0.0583	04	00	01	-0.0793	-0.1353	01	00	02	-0.2488	-0.0695	01	00	02
00185	-0.1935	-0.0667	01	00	02	-0.1641	00.1324	01	00	02	00.0884	-0.0664	04	00	01	-0.0717	-0.1411	01	00	02	-0.2446	-0.0609	01	00	02
00186	-0.1927	-0.0571	01	00	02	-0.1547	00.1359	01	00	02	00.0825	-0.0745	04	00	01	-0.0629	-0.1449	01	00	02	-0.2364	-0.0552	01	00	02
00187	-0.1887	-0.0423	01	00	02	-0.1454	00.1395	01	00	02	00.0767	-0.0826	04	00	01	-0.0591	-0.1537	01	00	02	-0.2354	-0.0549	01	00	02
00188	-0.1928	-0.0342	01	00	02	-0.1376	00.1451	01	00	02	00.0708	-0.0907	04	00	01	-0.0602	-0.1636	01	00	02	-0.2306	-0.0485	01	00	02
00189	-0.1943	-0.0247	01	00	02	-0.1360	00.1546	01	00	02	00.0649	-0.0988	04	00	01	-0.0614	-0.1735	01	00	02	-0.2312	-0.0390	01	00	02
00190	-0.1934	-0.0151	01	00	02	-0.1416	00.1624	01	00	02	00.0591	-0.1069	04	00	01	-0.0627	-0.1834	01	00	02	-0.2342	-0.0298	01	00	02
00191	-0.1920	-0.0066	01	00	02	-0.1510	00.1639	01	00	02	00.0532	-0.1150	04	00	01	-0.0639	-0.1933	01	00	02	-0.2375	-0.0217	01	00	02
00192	-0.1922	-0.0016	01	00	02	-0.1588	00.1583	01	00	02	00.0498	-0.1240	04	00	01	-0.0675	-0.2022	01	00	02	-0.2384	-0.0169	01	00	02
00193	-0.1927	00.0030	01	00	02	-0.1604	00.1489	01	00	02	00.0537	-0.1328	04	00	01	-0.0763	-0.2060	01	00	02	-0.2389	-0.0123	01	00	02
00194	-0.1932	00.0076	01	00	02	-0.1596	00.1393	01	00	02	00.0597	-0.1404	04	00	01	-0.0852	-0.2024	01	00	02	-0.2395	-0.0077	01	00	02
00195	-0.1937	00.0122	01	00	02	-0.1656	00.1319	01	00	02	00.0587	-0.1499	04	00	01	-0.0890	-0.1936	01	00	02	-0.2400	-0.0031	01	00	02
00196	-0.1942	00.0168	01	00	02	-0.1733	00.1261	01	00	02	00.0529	-0.1580	04	00	01	-0.0905	-0.1841	01	00	02	-0.2405	00.0016	01	00	02
00197	-0.1947	00.0214	01	00	02	-0.1749	00.1167	01	00	02	00.0471	-0.1661	04	00	01	-0.0981	-0.1783	01	00	02	-0.2410	00.0062	01	00	02
00198	-0.1952	00.0261	01	00	02	-0.1741	00.1071	01	00	02	00.0412	-0.1742	04	00	01	-0.1070	-0.1746	01	00	02	-0.2415	00.0108	01	00	02
00199	-0.1958	00.0307	01	00	02	-0.1801	00.0996	01	00	02	00.0353	-0.1823	04	00	01	-0.1107	-0.1658	01	00	02	-0.2420	00.0154	01	00	02
00200	-0.1963	00.0353	01	00	02	-0.1878	00.0939	01	00	02	00.0320	-0.1913	04	00	01	-0.1123	-0.1563	01	00	02	-0.2426	00.0200	01	00	02
00201	-0.1968	00.0399	01	00	02	-0.1894	00.0844	01	00	02	00.0359	-0.2001	04	00	01	-0.1199	-0.1505	01	00	02	-0.2431	00.0246	01	00	02
00202	-0.2027	00.0437	01	00	02	-0.1835	00.0775	01	00	02	00.0448	-0.2035	04	00	01	-0.1287	-0.1467	01	00	02	-0.2489	00.0285	01	00	02
00203	-0.2120	00.0474	01	00	02	-0.1835	00.0707	01	00	02	00.0535	-0.1996	04	00	01	-0.1325	-0.1379	01	00	02	-0.2583	00.0321	01	00	02
00204	-0.2213	00.0510	01	00	02	-0.1902	00.0656	01	00	02	00.0595	-0.1916	04	00	01	-0.1340	-0.1284	01	00	02	-0.2676	00.0357	01	00	02
00205	-0.2306	00.0546	01	00	02	-0.1918	00.0562	01	00	02	00.0653	-0.1835	04	00	01	-0.1416	-0.1226	01	00	02	-0.2769	00.0393	01	00	02
00206	-0.2380	00.0603	01	00	02	-0.1910	00.0466	01	00	02	00.0712	-0.1754	04	00	01	-0.1505	-0.1189	01	00	02	-0.2770	00.0443	01	00	02
00207	-0.2395	00.0698	01	00	02	-0.1970	00.0392	01	00	02	00.0771	-0.1673	04	00	01	-0.1542	-0.1101	01	00	02	-0.2691	00.0499	01	00	02
00208	-0.2366	00.0807	01	00	02	-0.2063	00.0355	01	00	02	00.0829	-0.1592	04	00	01	-0.1558	-0.1006	01	00	02	-0.2617	00.0547	01	00	02
00209	-0.2373	00.0940	01	00	02	-0.2157	00.0320	01	00	02	00.0888	-0.1511	04	00	01	-0.1634	-0.0948	01	00	02	-0.2539	00.0599	01	00	02
00210	-0.2459	00.0989	01	00	02	-0.2250	00.0285	01	00	02	00.0947	-0.1430	04	00	01	-0.1722	-0.0910	01	00	02	-0.2456	00.0655	01	00	02
00211	-0.2552	00.1025	01	00	02	-0.2344	00.0249	01	00	02	00.1005	-0.1349	04	00	01	-0.1760	-0.0822	01	00	02	-0.2373	00.0711	01	00	02
00212	-0.2648	00.1035	01	00	02	-0.2421	00.0192	01	00	02	00.1064	-0.1268	04	00	01	-0.1775	-0.0727	01	00	02	-0.2290	00.0767	01	00	02
00213	-0.2723	00.0976	01	00	02	-0.2437	00.0098	01	00	02	00.1122	-0.1187	04	00	01	-0.1851	-0.0669	01	00	02	-0.2207	00.0823	01	00	02
00214	-0.2734	00.0881	01	00	02	-0.2381	00.0020	01	00	02	00.1181	-0.1106	04	00	01	-0.1940	-0.0631	01	00	02	-0.2125	00.0879	01	00	02
00215	-0.2674	00.0806	01	00	02	-0.2287	00.0005	01	00	02	00.1240	-0.1025	04	00	01	-0.1978	-0.0543	01	00	02	-0.2042	00.0935	01	00	02
00216	-0.2582	00.0769	01	00	02	-0.2193	00.0039	01	00	02	00.1273	-0.0935	04	00	01	-0.1993	-0.0448	01	00	02	-0.1959	00.0991	01	00	02
00217	-0.2488	00.0732	01	00	02	-0.2100	00.0074	03	01	02	00.1235	-0.0848	04	00	01	-0.2069	-0.0391	01	00	02	-0.1876	00.1047	01	00	02
00218	-0.2395	00.0696	01	00	02	-0.2006	00.0110	03	01	02	00.1145	-0.0813	04	00	01	-0.2158	-0.0353	01	00	02	-0.1793	00.1103	01	00	02
00219	-0.2302	00.0660	01	00	02	-0.1913	00.0145	03	01	02	00.1058	-0.0852	04	00	01	-0.2195	-0.0265	01	00	02	-0.1710	00.1159	01	00	02
00220	-0.2209	00.0623	01	00	02	-0.1819	00.0181	03	01	02	00.0998	-0.0932	04	00	01	-0.2184	-0.0166	01	00	02	-0.1627	00.1215	01	00	02
00221	-0.2116	00.0587	01	00	02	-0.1726	00.0216	03	01	02	00.0940	-0.1013	04	00	01	-0.2172	-0.0066	01	00	02	-0.1544	00.1271	01	00	02
00222	-0.2039	00.0529	01	00	02	-0.1632	00.0252	03	01	02	00.0881	-0.1094	04	00	01	-0.2135	00.0022	01	00	02	-0.1462	00.1327	01	00	02
00223	-0.2010	00.0457	01	00	02	-0.1539	00.0287	03	01	02	00.0823	-0.1175	04	00	01	-0.2055	00.0048	01	00	02	-0.1379	00.1383	01	00	02
00224	-0.2050	00.0385	01	00	02	-0.1445	00.0322	03	01	02	00.0764	-0.1256	04	00	01	-0.1943	00.0026	01	00	02	-0.1316	00.1456	01	00	02
00225	-0.2013	00.0322	01	00	02	-0.1352	00.0358	03	01	02	00.0705	-0.1337	04	00	01	-0.1843	00.0014	01	00	02	-0.1323	00.1552	01	00	02
00226	-0.1921	00.0291	01	00	02	-0.1258	00.0393	03	01	02	00.0647	-0.1418	04	00	01	-0.1743	-0.0005	01	00	02	-0.1395	00.1615	01	00	02
00227	-0.1830	00.0264	01	00	02	-0.1165	00.0429	03	01	02	00.0588	-0.1499	04	00	01	-0.1643	-0.0026	01	00	02	-0.1490	00.1608	01	00	02
00228	-0.1756	00.0225	01	00	02	-0.1071	00.0464	03	01	02	00.0529	-0.1580	04	00	01	-0.1541	-0.0048	01	00	02	-0.1553	00.1536	01	00	02
00229	-0.1741	00.0131	01	00	02	-0.0978	00.0500	03	01	02	00.0471	-0.1661	04	00	01	-0.1442	-0.0061	01	00	02	-0.1547	00.1440	01	00	02
00230	-0.1750	00.0035	01	00	02	-0.0884	00.0535	03	01	02	00.0412	-0.1742	04	00	01	-0.1343	-0.0073	01	00	02	-0.1492	00.1357	01	00	02
00231	-0.1690	-0.0040	01	00	02	-0.0791	00.0571	03	01	02	00.0353	-0.1823	04	00	01	-0.1244	-0.0085	01	00	02	-0.1436	00.1274	01	00	02
00232	-0.1614	-0.0099	01	00	02	-0.0713	00.0627	03	01	02	00.0295	-0.1904	04	00	01	-0.1155	-0.0122	01	00	02	-0.1380	00.1191	01	00	02
00233	-0.1599	-0.0193	01	00	02	-0.0697	00.0722	03	01	02	00.0236	-0.1985	04	00	01	-0.1117	-0.0210	01	00	02	-0.1324	00.1109	01	00	02
00234	-0.1608	-0.0289	01	00	02	-0.0753	00.0800	03	01	02	00.0177	-0.2066	04	00	01	-0.1102	-0.0305	01	00	02	-0.1293	00.1017	01	00	02
00235	-0.1548	-0.0364	01	00	02	-0.0847	00.0815	03	01	02	00.0119	-0.2147	04	00	01	-0.1026	-0.0363	01	00	02	-0.1335	00.0931	01	00	02
00236	-0.1472	-0.0422	01	00	02	-0.0941	00.0781	03	01	02	00.0060	-0.2228	04	00	01	-0.0937	-0.0400	01	00	02	-0.1396	00.0857	01	00	02
00237	-0.1457	-0.0517	01	00	02	-0.0992	00.0768	03	01	02	00.0001	-0.2309	04	00	01	-0.0900	-0.0488	01	00	02	-0.1442	00.0735	01	00	02
00238	-0.1466	-0.0613	01	00	02	-0.1069	00.0738	03	01	02	-0.0057	-0.2390	04	00	01	-0.0884	-0.0583	01	00	02	-0.1433	00.0632	01	00	02
00239	-0.1406	-0.0687	01	00	02	-0.1163	00.0703	03	01	02	-0.0116	-0.2471	01	00	02	-0.0808	-0.0641	01	00	02	-0.1475	00.0546	01	00	02
00240	-0.1330	-0.0746	01	00	02	-0.1256	00.0668	03	01	02	-0.0174	-0.2552	01	00	02	-0.0720	-0.0679	01	00	02	-0.1536	00.0472	01	00	02
00241	-0.1315	-0.0840	01	00	02	-0.1345	00.0635	03	01	02	-0.0233	-0.2633	01	00	02	-0.0682	-0.0767	01	00	02	-0.1551	00.0362	01	00	02
00242	-0.1371	-0.0918	01	00	02	-0.1438	00.0600	03	01	02	-0.0308	-0.2693	01	00	02	-0.0667	-0.0862	01	00	02	-0.1523	00.0267	01	00	02
00243	-0.1466	-0.0932	01	00	02	-0.1532	00.0564	03	01	02	-0.0403	-0.2684	01	00	02	-0.0591	-0.0920	01	00	02	-0.1565	00.0181	01	00	02
00244	-0.1559	-0.0897	01	00	02	-0.1625	00.0529	03	01	02	-0.0464	-0.2610	01	00	02	-0.0502	-0.0958	01	00	02	-0.1627	00.0107	01	00	02
00245	-0.1652	-0.0861	01	00	02	-0.1719	00.0493	03	01	02	-0.0454	-0.2514	01	00	02	-0.0465	-0.1046	01	00	02	-0.1620	00.0012	01	00	02
00246	-0.1745	-0.0825	01	00	02	-0.1812	00.0458	03	01	02	-0.0397	-0.2433	01	00	02	-0.0476	-0.1145	01	00	02	-0.1591	-0.0080	01	00	02
00247	-0.1839	-0.0788	01	00	02	-0.1906	00.0422	03	01	02	-0.0338	-0.2352	01	00	02	-0.0488	-0.1244	01	00	02	-0.1632	-0.0166	01	00	02
00248	-0.1932	-0.0752	01	00	02	-0.1999	00.0387	03	01	02	-0.0279	-0.2271	01	00	02	-0.0474	-0.1339	01	00	02	-0.1694	-0.0240	01	00	02
00249	-0.2025	-0.0716	01	00	02	-0.2093	00.0352	03	01	02	-0.0221	-0.2190	01	00	02	-0.0397	-0.1397	01	00	02	-0.1688	-0.0335	01	00	02
00250	-0.2102	-0.0658	01	00	02	-0.2186	00.0316	03	01	02	-0.0162	-0.2109	01	00	02	-0.0309	-0.1435	01	00	02	-0.1658	-0.0427	01	00	02
00251	-0.2117	-0.0564	01	00	02	-0.2280	00.0281	03	01	02	-0.0103	-0.2028	01	00	02	-0.0271	-0.1523	01	00	02	-0.1700	-0.0513	01	00	02
00252	-0.2117	-0.0459	01	00	02	-0.2357	00.0224	03	01	02	-0.0045	-0.1947	01	00	02	-0.0282	-0.1622	01	00	02	-0.1752	-0.0596	01	00	02
00253	-0.2177	-0.0384	01	00	02	-0.2373	00.0130	03	01	02	00.0014	-0.1866	01	00	02	-0.0295	-0.1721	01	00	02	-0.1746	-0.0691	01	00	02
00254	-0.2277	-0.0397	01	00	02	-0.2343	00.0095	03	01	02	00.0072	-0.1785	01	00	02	-0.0331	-0.1810	01	00	02	-0.1716	-0.0783	01	00	02
00255	-0.2310	-0.0359	01	00	02	-0.2394	00.0046	03	01	02	00.0131	-0.1704	01	00	02	-0.0419	-0.1848	01	00	02	-0.1758	-0.0869	01	00	02
00256	-0.2301	-0.0263	01	00	02	-0.2489	00.0037	03	01	02	00.0190	-0.1623	01	00	02	-0.0519	-0.1836	01	00	02	-0.1819	-0.0943	01	00	02
00257	-0.2361	-0.0189	01	00	02	-0.2563	00.0097	03	01	02	00.0248	-0.1542	04	00	01	-0.0618	-0.1824	01	00	02	-0.1813	-0.1038	01	00	02
00258	-0.2437	-0.0130	01	00	02	-0.2573	00.0192	03	01	02	00.0307	-0.1461	04	00	01	-0.0717	-0.1812	01	00	02	-0.1783	-0.1130	01	00	02
00259	-0.2474	-0.0078	01	00	02	-0.2501	00.0299	03	01	02	00.0366	-0.1380	04	00	01	-0.0816	-0.1800	02	01	02	-0.1825	-0.1216	01	00	02
00260	-0.2443	00.0009	01	00	02	-0.2421	00.0362	03	01	02	00.0424	-0.1299	04	00	01	-0.0916	-0.1788	02	01	02	-0.1907	-0.1273	01	00	02
00261	-0.2407	00.0102	01	00	02	-0.2406	00.0456	03	01	02	00.0483	-0.1218	04	00	01	-0.1015	-0.1775	02	01	02	-0.1990	-0.1329	01	00	02
00262	-0.2370	00.0196	01	00	02	-0.2413	00.0552	03	01	02	00.0542	-0.1137	04	00	01	-0.1114	-0.1763	02	01	02	-0.2072	-0.1385	01	00	02
00263	-0.2343	00.0273	01	00	02	-0.2345	00.0645	03	01	02	00.0600	-0.1056	04	00	01	-0.1213	-0.1751	02	01	02	-0.2155	-0.1441	01	00	02
00264	-0.2334	00.0359	01	00	02	-0.2249	00.0697	03	01	02	00.0659	-0.0975	04	00	01	-0.1313	-0.1739	02	01	02	-0.2218	-0.1514	01	00	02
00265	-0.2394	00.0434	01	00	02	-0.2156	00.0733	03	01	02	00.0718	-0.0894	04	00	01	-0.1412	-0.1727	02	01	02	-0.2211	-0.1609	01	00	02
00266	-0.2489	00.0445	01	00	02	-0.2078	00.0789	03	01	02	00.0776	-0.0813	04	00	01	-0.1501	-0.1690	02	01	02	-0.2182	-0.1701	01	00	02
00267	-0.2564	00.0385	01	00	02	-0.2063	00.0884	03	01	02	00.0835	-0.0732	04	00	01	-0.1538	-0.1602	02	01	02	-0.2223	-0.1787	01	00	02
00268	-0.2574	00.0290	01	00	02	-0.2070	00.0980	03	01	02	00.0893	-0.0651	04	00	01	-0.1553	-0.1507	02	01	02	-0.2285	-0.1861	01	00	02
00269	-0.2515	00.0215	01	00	02	-0.2010	00.1054	03	01	02	00.0952	-0.0570	04	00	01	-0.1630	-0.1449	02	01	02	-0.2279	-0.1956	01	00	02
00270	-0.2422	00.0178	01	00	02	-0.1917	00.1090	03	01	02	00.1027	-0.0510	04	00	01	-0.1718	-0.1411	02	01	02	-0.2249	-0.2048	01	00	02
00271	-0.2329	00.0142	01	00	02	-0.1824	00.1126	03	01	02	00.1122	-0.0519	04	00	01	-0.1756	-0.1323	02	01	02	-0.2291	-0.2134	01	00	02
00272	-0.2236	00.0105	01	00	02	-0.1730	00.1161	03	01	02	00.1213	-0.0552	04	00	01	-0.1771	-0.1228	02	01	02	-0.2373	-0.2191	01	00	02
00273	-0.2143	00.0069	01	00	02	-0.1637	00.1197	03	01	02	00.1300	-0.0513	04	00	01	-0.1847	-0.1170	02	01	02	-0.2455	-0.2247	01	00	02
00274	-0.2049	00.0033	01	00	02	-0.1543	00.1232	03	01	02	00.1376	-0.0454	04	00	01	-0.1936	-0.1133	02	01	02	-0.2547	-0.2277	01	00	02
00275	-0.1956	-0.0004	01	00	02	-0.1450	00.1268	03	01	02	00.1471	-0.0464	04	00	01	-0.1973	-0.1045	02	01	02	-0.2633	-0.2236	01	00	02
00276	-0.1863	-0.0040	01	00	02	-0.1356	00.1303	03	01	02	00.1532	-0.0538	04	00	01	-0.1989	-0.0950	02	01	02	-0.2664	-0.2145	01	00	02
00277	-0.1770	-0.0076	01	00	02	-0.1263	00.1339	03	01	02	00.1522	-0.0633	04	00	01	-0.2065	-0.0892	02	01	02	-0.2623	-0.2059	01	00	02
00278	-0.1693	-0.0134	01	00	02	-0.1185	00.1395	03	01	02	00.1465	-0.0714	04	00	01	-0.2153	-0.0854	02	01	02	-0.2561	-0.1985	01	00	02
00279	-0.1678	-0.0228	01	00	02	-0.1169	00.1490	03	01	02	00.1406	-0.0795	04	00	01	-0.2191	-0.0766	02	01	02	-0.2567	-0.1890	01	00	02
00280	-0.1687	-0.0324	01	00	02	-0.1225	00.1567	03	01	02	00.1347	-0.0876	04	00	01	-0.2155	-0.0677	02	01	02	-0.2597	-0.1798	01	00	02
00281	-0.1627	-0.0399	01	00	02	-0.1320	00.1583	03	01	02	00.1289	-0.0957	04	00	01	-0.2067	-0.0640	02	01	02	-0.2555	-0.1712	01	00	02
00282	-0.1535	-0.0436	01	00	02	-0.1397	00.1527	03	01	02	00.1230	-0.1038	04	00	01	-0.1968	-0.0651	02	01	02	-0.2494	-0.1638	01	00	02
00283	-0.1441	-0.0473	01	00	02	-0.1413	00.1433	03	01	02	00.1172	-0.1119	04	00	01	-0.1869	-0.0663	02	01	02	-0.2500	-0.1543	01	00	02
00284	-0.1364	-0.0530	01	00	02	-0.1405	00.1337	03	01	02	00.1113	-0.1200	04	00	01	-0.1770	-0.0675	02	01	02	-0.2530	-0.1451	01	00	02
00285	-0.1279	-0.0643	01	00	02	-0.1465	00.1263	03	01	02	00.1054	-0.1281	04	00	01	-0.1722	-0.0673	02	01	02	-0.2488	-0.1365	01	00	02
00286	-0.1267	-0.0746	01	00	02	-0.1542	00.1205	03	01	02	00.0996	-0.1362	04	00	01	-0.1633	-0.0682	02	01	02	-0.2426	-0.1291	01	00	02
00287	-0.1207	-0.0821	01	00	02	-0.1558	00.1111	03	01	02	00.0937	-0.1443	04	00	01	-0.1534	-0.0694	02	01	02	-0.2433	-0.1196	01	00	02
00288	-0.1131	-0.0880	01	00	02	-0.1550	00.1015	03	01	02	00.0878	-0.1524	04	00	01	-0.1445	-0.0731	02	01	02	-0.2463	-0.1104	01	00	02
00289	-0.1106	-0.0988	01	00	02	-0.1611	00.0941	03	01	02	00.0820	-0.1605	04	00	01	-0.1411	-0.0814	02	01	02	-0.2421	-0.1018	01	00	02
00290	-0.1110	-0.1087	01	00	02	-0.1706	00.0931	03	01	02	00.0761	-0.1686	04	00	01	-0.1401	-0.0908	02	01	02	-0.2359	-0.0944	01	00	02
00291	-0.1050	-0.1162	01	00	02	-0.1780	00.0991	03	01	02	00.0702	-0.1767	04	00	01	-0.1324	-0.0966	02	01	02	-0.2366	-0.0849	01	00	02
00292	-0.0974	-0.1221	01	00	02	-0.1790	00.1086	03	01	02	00.0644	-0.1848	04	00	01	-0.1236	-0.1004	02	01	02	-0.2395	-0.0757	01	00	02
00293	-0.0954	-0.1327	01	00	02	-0.1729	00.1160	03	01	02	00.0585	-0.1929	04	00	01	-0.1201	-0.1081	02	01	02	-0.2354	-0.0671	01	00	02
00294	-0.0961	-0.1426	01	00	02	-0.1652	00.1218	03	01	02	00.0526	-0.2010	04	00	01	-0.1188	-0.1175	02	01	02	-0.2292	-0.0597	01	00	02
00295	-0.0902	-0.1501	01	00	02	-0.1637	00.1313	03	01	02	00.0468	-0.2091	04	00	01	-0.1112	-0.1233	02	01	02	-0.2299	-0.0502	01	00	02
00296	-0.0825	-0.1559	01	00	02	-0.1645	00.1408	03	01	02	00.0393	-0.2151	04	00	01	-0.1023	-0.1270	02	01	02	-0.2328	-0.0410	01	00	02
00297	-0.0811	-0.1654	01	00	02	-0.1584	00.1483	03	01	02	00.0297	-0.2142	04	00	01	-0.0986	-0.1358	02	01	02	-0.2287	-0.0324	01	00	02
00298	-0.0819	-0.1752	01	00	02	-0.1491	00.1519	03	01	02	00.0237	-0.2068	04	00	01	-0.0970	-0.1451	02	01	02	-0.2225	-0.0250	01	00	02
00299	-0.0759	-0.1827	01	00	02	-0.1398	00.1555	03	01	02	00.0247	-0.1972	04	00	01	-0.0894	-0.1509	02	01	02	-0.2231	-0.0155	01	00	02
00300	-0.0664	-0.1884	01	00	02	-0.1302	00.1563	03	01	02	00.0304	-0.1891	04	00	01	-0.0805	-0.1502	02	01	02	-0.2261	-0.0063	01	00	02
00301	-0.0569	-0.1916	02	01	02	-0.1228	00.1503	03	01	02	00.0363	-0.1810	04	00	01	-0.0773	-0.1523	02	01	02	-0.2219	00.0023	01	00	02
00302	-0.0469	-0.1891	02	01	02	-0.1218	00.1408	03	01	02	00.0421	-0.1729	04	00	01	-0.0800	-0.1608	02	01	02	-0.2137	00.0080	01	00	02
00303	-0.0413	-0.1817	02	01	02	-0.1278	00.1334	03	01	02	00.0480	-0.1648	04	00	01	-0.0814	-0.1707	02	01	02	-0.2055	00.0136	01	00	02
00304	-0.0407	-0.1767	02	01	02	-0.1355	00.1276	03	01	02	00.0539	-0.1567	04	00	01	-0.0838	-0.1805	02	01	02	-0.1992	00.0209	01	00	02
00305	-0.0440	-0.1704	02	01	02	-0.1371	00.1182	03	01	02	00.0597	-0.1486	04	00	01	-0.0832	-0.1901	02	01	02	-0.1998	00.0304	01	00	02
00306	-0.0530	-0.1663	02	01	02	-0.1363	00.1086	03	01	02	00.0656	-0.1405	04	00	01	-0.0754	-0.1949	02	01	02	-0.2028	00.0396	01	00	02
00307	-0.0623	-0.1627	02	01	02	-0.1424	00.1011	03	01	02	00.0715	-0.1324	04	00	01	-0.0716	-0.2037	02	01	02	-0.1986	00.0482	01	00	02
00308	-0.0716	-0.1591	02	01	02	-0.1501	00.0954	03	01	02	00.0773	-0.1243	04	00	01	-0.0752	-0.2126	02	01	02	-0.1925	00.0556	01	00	02
00309	-0.0809	-0.1554	02	01	02	-0.1516	00.0859	03	01	02	00.0832	-0.1162	04	00	01	-0.0840	-0.2164	02	01	02	-0.1931	00.0651	01	00	02
00310	-0.0902	-0.1518	02	01	02	-0.1508	00.0763	03	01	02	00.0891	-0.1081	04	00	01	-0.0929	-0.2128	02	01	02	-0.1961	00.0743	01	00	02
00311	-0.0995	-0.1482	02	01	02	-0.1565	00.0678	03	01	02	00.0949	-0.1000	04	00	01	-0.0966	-0.2040	02	01	02	-0.1923	00.0840	01	00	02
00312	-0.1089	-0.1446	02	01	02	-0.1655	00.0629	03	01	02	00.1008	-0.0919	04	00	01	-0.0981	-0.1945	02	01	02	-0.1844	00.0908	01	00	02
00313	-0.1182	-0.1409	02	01	02	-0.1749	00.0594	03	01	02	00.1067	-0.0838	04	00	01	-0.1058	-0.1887	02	01	02	-0.1761	00.0964	01	00	02
00314	-0.1275	-0.1373	02	01	02	-0.1842	00.0559	03	01	02	00.1125	-0.0757	04	00	01	-0.1146	-0.1850	02	01	02	-0.1699	00.1038	01	00	02
00315	-0.1368	-0.1337	02	01	02	-0.1936	00.0523	03	01	02	00.1184	-0.0676	04	00	01	-0.1184	-0.1762	02	01	02	-0.1705	00.1133	01	00	02
00316	-0.1461	-0.1300	02	01	02	-0.2013	00.0466	03	01	02	00.1243	-0.0595	04	00	01	-0.1199	-0.1667	02	01	02	-0.1735	00.1225	01	00	02
00317	-0.1554	-0.1264	02	01	02	-0.2029	00.0372	03	01	02	00.1301	-0.0514	04	00	01	-0.1275	-0.1609	02	01	02	-0.1693	00.1311	01	00	02
00318	-0.1648	-0.1228	02	01	02	-0.2021	00.0276	03	01	02	00.1360	-0.0433	04	00	01	-0.1364	-0.1571	02	01	02	-0.1611	00.1367	01	00	02
00319	-0.1741	-0.1191	02	01	02	-0.2081	00.0202	03	01	02	00.1418	-0.0352	04	00	01	-0.1401	-0.1483	02	01	02	-0.1528	00.1423	01	00	02
00320	-0.1818	-0.1134	02	01	02	-0.2174	00.0165	03	01	02	00.1452	-0.0262	04	00	01	-0.1390	-0.1384	02	01	02	-0.1437	00.1454	01	00	02
00321	-0.1833	-0.1039	02	01	02	-0.2268	00.0130	03	01	02	00.1413	-0.0175	04	00	01	-0.1378	-0.1285	02	01	02	-0.1351	00.1412	01	00	02
00322	-0.1781	-0.0961	02	01	02	-0.2345	00.0073	03	01	02	00.1333	-0.0115	04	00	01	-0.1387	-0.1191	02	01	02	-0.1319	00.1322	01	00	02
00323	-0.1794	-0.0912	02	01	02	-0.2361	-0.0021	03	01	02	00.1252	-0.0057	04	00	01	-0.1353	-0.1154	02	01	02	-0.1361	00.1236	01	00	02
00324	-0.1757	-0.0929	02	01	02	-0.2353	-0.0117	03	01	02	00.1192	00.0019	04	00	01	-0.1398	-0.1176	02	01	02	-0.1443	00.1179	01	00	02
00325	-0.1666	-0.0964	02	01	02	-0.2413	-0.0191	02	01	02	00.1202	00.0114	04	00	01	-0.1455	-0.1252	02	01	02	-0.1526	00.1123	03	01	02
00326	-0.1573	-0.1001	02	01	02	-0.2490	-0.0249	02	01	02	00.1259	00.0195	04	00	01	-0.1442	-0.1347	02	01	02	-0.1609	00.1067	03	01	02
00327	-0.1480	-0.1037	02	01	02	-0.2506	-0.0344	02	01	02	00.1318	00.0276	04	00	01	-0.1366	-0.1404	02	01	02	-0.1692	00.1011	03	01	02
00328	-0.1387	-0.1073	02	01	02	-0.2450	-0.0421	02	01	02	00.1352	00.0366	04	00	01	-0.1267	-0.1418	02	01	02	-0.1775	00.0955	03	01	02
00329	-0.1293	-0.1107	02	01	02	-0.2356	-0.0437	02	01	02	00.1313	00.0454	04	00	01	-0.1168	-0.1432	02	01	02	-0.1857	00.0899	03	01	02
00330	-0.1200	-0.1133	02	01	02	-0.2278	-0.0381	02	01	02	00.1223	00.0488	04	00	01	-0.1069	-0.1455	02	01	02	-0.1940	00.0843	03	01	02
00331	-0.1106	-0.1158	02	01	02	-0.2263	-0.0287	02	01	02	00.1136	00.0449	04	00	01	-0.0970	-0.1478	02	01	02	-0.2023	00.0787	03	01	02
00332	-0.1013	-0.1193	02	01	02	-0.2270	-0.0191	02	01	02	00.1077	00.0369	04	00	01	-0.0881	-0.1516	02	01	02	-0.2106	00.0731	03	01	02
00333	-0.0920	-0.1230	02	01	02	-0.2210	-0.0117	02	01	02	00.1018	00.0288	00	00	02	-0.0844	-0.1604	02	01	02	-0.2189	00.0675	03	01	02
00334	-0.0827	-0.1266	02	01	02	-0.2117	-0.0080	02	01	02	00.0959	00.0207	00	00	02	-0.0829	-0.1699	02	01	02	-0.2272	00.0619	03	01	02
00335	-0.0734	-0.1302	02	01	02	-0.2024	-0.0045	02	01	02	00.0901	00.0126	00	00	02	-0.0752	-0.1757	02	01	02	-0.2355	00.0563	03	01	02
00336	-0.0657	-0.1360	02	01	02	-0.1930	-0.0009	02	01	02	00.0842	00.0045	00	00	02	-0.0664	-0.1795	02	01	02	-0.2417	00.0490	03	01	02
00337	-0.0642	-0.1454	02	01	02	-0.1837	00.0026	03	01	02	00.0783	-0.0036	00	00	02	-0.0626	-0.1883	02	01	02	-0.2411	00.0395	03	01	02
00338	-0.0651	-0.1550	02	01	02	-0.1743	00.0061	03	01	02	00.0725	-0.0117	00	00	02	-0.0662	-0.1972	02	01	02	-0.2339	00.0332	03	01	02
00339	-0.0591	-0.1625	02	01	02	-0.1650	00.0097	03	01	02	00.0666	-0.0198	00	00	02	-0.0750	-0.2009	02	01	02	-0.2243	00.0338	03	01	02
00340	-0.0496	-0.1636	02	01	02	-0.1556	00.0132	03	01	02	00.0607	-0.0279	00	00	02	-0.0839	-0.1974	02	01	02	-0.2152	00.0368	03	01	02
00341	-0.0421	-0.1576	02	01	02	-0.1463	00.0168	03	01	02	00.0549	-0.0360	00	00	02	-0.0876	-0.1886	02	01	02	-0.2065	00.0326	03	01	02
00342	-0.0410	-0.1481	02	01	02	-0.1385	00.0225	03	01	02	00.0490	-0.0441	00	00	02	-0.0892	-0.1791	02	01	02	-0.1992	00.0265	03	01	02
00343	-0.0470	-0.1406	02	01	02	-0.1369	00.0319	03	01	02	00.0431	-0.0522	00	00	02	-0.0968	-0.1733	02	01	02	-0.1896	00.0271	03	01	02
00344	-0.0563	-0.1369	02	01	02	-0.1377	00.0415	03	01	02	00.0373	-0.0603	00	00	02	-0.1056	-0.1695	02	01	02	-0.1805	00.0301	03	01	02
00345	-0.0656	-0.1333	02	01	02	-0.1317	00.0489	03	01	02	00.0314	-0.0684	00	00	02	-0.1094	-0.1607	02	01	02	-0.1718	00.0259	03	01	02
00346	-0.0749	-0.1296	02	01	02	-0.1224	00.0525	03	01	02	00.0256	-0.0765	00	00	02	-0.1109	-0.1512	02	01	02	-0.1645	00.0198	03	01	02
00347	-0.0842	-0.1260	02	01	02	-0.1130	00.0561	03	01	02	00.0197	-0.0846	00	00	02	-0.1185	-0.1454	02	01	02	-0.1549	00.0204	03	01	02
00348	-0.0935	-0.1224	02	01	02	-0.1053	00.0618	03	01	02	00.0138	-0.0927	00	00	02	-0.1274	-0.1416	02	01	02	-0.1458	00.0234	03	01	02
00349	-0.0976	-0.1193	02	01	02	-0.1037	00.0712	03	01	02	00.0080	-0.1008	00	00	02	-0.1387	-0.1323	02	01	02	-0.1371	00.0192	03	01	02
00350	-0.1058	-0.1157	02	01	02	-0.1093	00.0790	03	01	02	00.0021	-0.1089	00	00	02	-0.1425	-0.1224	02	01	02	-0.1298	00.0130	03	01	02
00351	-0.1151	-0.1121	02	01	02	-0.1187	00.0806	03	01	02	-0.0038	-0.1170	00	00	02	-0.1501	-0.1166	02	01	02	-0.1202	00.0137	03	01	02
00352	-0.1244	-0.1084	02	01	02	-0.1281	00.0771	03	01	02	-0.0096	-0.1251	00	00	02	-0.1596	-0.1179	02	01	02	-0.1111	00.0167	03	01	02
00353	-0.1337	-0.1048	02	01	02	-0.1375	00.0736	03	01	02	-0.0155	-0.1332	00	00	02	-0.1654	-0.1255	02	01	02	-0.1024	00.0125	03	01	02
00354	-0.1431	-0.1012	02	01	02	-0.1468	00.0700	03	01	02	-0.0230	-0.1392	00	00	02	-0.1667	-0.1354	02	01	02	-0.0968	00.0043	03	01	02
00355	-0.1524	-0.0975	02	01	02	-0.1562	00.0665	03	01	02	-0.0325	-0.1382	00	00	02	-0.1680	-0.1453	02	01	02	-0.0912	-0.0040	02	01	02
00356	-0.1617	-0.0939	02	01	02	-0.1655	00.0629	03	01	02	-0.0407	-0.1325	00	00	02	-0.1692	-0.1553	02	01	02	-0.0839	-0.0103	02	01	02
00357	-0.1710	-0.0903	02	01	02	-0.1749	00.0594	03	01	02	-0.0488	-0.1266	00	00	02	-0.1704	-0.1652	02	01	02	-0.0743	-0.0096	02	01	02
00358	-0.1803	-0.0866	02	01	02	-0.1844	00.0585	03	01	02	-0.0569	-0.1207	00	00	02	-0.1741	-0.1741	02	01	02	-0.0652	-0.0066	02	01	02
00359	-0.1897	-0.0830	02	01	02	-0.1919	00.0645	03	01	02	-0.0650	-0.1149	00	00	02	-0.1829	-0.1778	02	01	02	-0.0565	-0.0108	02	01	02
00360	-0.1990	-0.0794	02	01	02	-0.1976	00.0722	03	01	02	-0.0740	-0.1115	00	00	02	-0.1928	-0.1767	02	01	02	-0.0509	-0.0190	02	01	02
00361	-0.2083	-0.0757	02	01	02	-0.2071	00.0738	03	01	02	-0.0827	-0.1154	00	00	02	-0.2027	-0.1755	02	01	02	-0.0453	-0.0273	02	01	02
00362	-0.2179	-0.0748	02	01	02	-0.2167	00.0730	03	01	02	-0.0887	-0.1234	00	00	02	-0.2126	-0.1743	02	01	02	-0.0422	-0.0364	02	01	02
00363	-0.2253	-0.0807	02	01	02	-0.2241	00.0791	03	01	02	-0.0945	-0.1315	00	00	02	-0.2226	-0.1731	02	01	02	-0.0464	-0.0450	02	01	02
00364	-0.2264	-0.0902	02	01	02	-0.2277	00.0883	03	01	02	-0.1020	-0.1375	00	00	02	-0.2321	-0.1745	02	01	02	-0.0554	-0.0482	02	01	02
00365	-0.2204	-0.0977	02	01	02	-0.2313	00.0977	03	01	02	-0.1116	-0.1366	00	00	02	-0.2378	-0.1821	02	01	02	-0.0640	-0.0440	02	01	02
00366	-0.2112	-0.1014	02	01	02	-0.2322	00.1073	03	01	02	-0.1197	-0.1308	00	00	02	-0.2416	-0.1910	02	01	02	-0.0697	-0.0358	02	01	02
00367	-0.2019	-0.1051	02	01	02	-0.2261	00.1147	03	01	02	-0.1278	-0.1249	00	00	02	-0.2504	-0.1947	02	01	02	-0.0753	-0.0275	02	01	02
00368	-0.1926	-0.1087	02	01	02	-0.2168	00.1183	03	01	02	-0.1359	-0.1191	00	00	02	-0.2593	-0.1912	02	01	02	-0.0809	-0.0192	02	01	02
00369	-0.1879	-0.1106	02	01	02	-0.2075	00.1219	03	01	02	-0.1393	-0.1150	00	00	02	-0.2631	-0.1824	02	01	02	-0.0865	-0.0109	02	01	02
00370	-0.1863	-0.1182	02	01	02	-0.1981	00.1254	03	01	02	-0.1392	-0.1059	00	00	02	-0.2595	-0.1735	02	01	02	-0.0921	-0.0027	02	01	02
00371	-0.1794	-0.1261	02	01	02	-0.1888	00.1290	03	01	02	-0.1423	-0.0983	00	00	02	-0.2507	-0.1697	02	01	02	-0.0977	00.0056	02	01	02
00372	-0.1722	-0.1311	02	01	02	-0.1792	00.1299	03	01	02	-0.1397	-0.0996	00	00	02	-0.2412	-0.1682	02	01	02	-0.1033	00.0139	02	01	02
00373	-0.1647	-0.1359	02	01	02	-0.1718	00.1238	03	01	02	-0.1366	-0.1020	00	00	02	-0.2354	-0.1606	02	01	02	-0.1089	00.0222	03	01	02
00374	-0.1560	-0.1401	02	01	02	-0.1681	00.1145	03	01	02	-0.1357	-0.1036	00	00	02	-0.2316	-0.1517	02	01	02	-0.1145	00.0305	03	01	02
00375	-0.1467	-0.1438	02	01	02	-0.1646	00.1052	03	01	02	-0.1389	-0.1073	00	00	02	-0.2228	-0.1480	02	01	02	-0.1201	00.0388	03	01	02
00376	-0.1374	-0.1475	02	01	02	-0.1611	00.0958	03	01	02	-0.1448	-0.1152	00	00	02	-0.2133	-0.1464	02	01	02	-0.1257	00.0471	03	01	02
00377	-0.1281	-0.1511	02	01	02	-0.1598	00.0910	03	01	02	-0.1506	-0.1233	00	00	02	-0.2076	-0.1388	02	01	02	-0.1289	00.0509	03	01	02
00378	-0.1188	-0.1547	02	01	02	-0.1609	00.0904	03	01	02	-0.1574	-0.1300	00	00	02	-0.2045	-0.1293	02	01	02	-0.1300	00.0503	03	01	02
00379	-0.1095	-0.1584	02	01	02	-0.1619	00.0899	03	01	02	-0.1595	-0.1388	00	00	02	-0.2039	-0.1154	02	01	02	-0.1310	00.0498	03	01	02
00380	-0.1002	-0.1620	02	01	02	-0.1629	00.0894	03	01	02	-0.1602	-0.1373	00	00	02	-0.2032	-0.1112	02	01	02	-0.1320	00.0493	03	01	02
00381	-0.0908	-0.1656	02	01	02	-0.1640	00.0888	03	01	02	-0.1602	-0.1346	00	00	02	-0.2033	-0.1086	02	01	02	-0.1330	00.0487	03	01	02
00382	-0.0831	-0.1714	02	01	02	-0.1650	00.0883	03	01	02	-0.1622	-0.1338	00	00	02	-0.1986	-0.1024	02	01	02	-0.1341	00.0482	03	01	02
00383	-0.0817	-0.1808	02	01	02	-0.1660	00.0878	03	01	02	-0.1601	-0.1275	01	00	02	-0.1909	-0.0988	02	01	02	-0.1351	00.0477	03	01	02
00384	-0.0825	-0.1904	02	01	02	-0.1670	00.0873	03	01	02	-0.1530	-0.1219	01	00	02	-0.1839	-0.0946	02	01	02	-0.1361	00.0471	03	01	02
00385	-0.0766	-0.1979	02	01	02	-0.1681	00.0867	03	01	02	-0.1455	-0.1164	01	00	02	-0.1772	-0.0903	02	01	02	-0.1371	00.0466	03	01	02
00386	-0.0689	-0.2038	02	01	02	-0.1691	00.0862	03	01	02	-0.1381	-0.1108	01	00	02	-0.1707	-0.0863	02	01	02	-0.1382	00.0461	03	01	02
00387	-0.0674	-0.2132	02	01	02	-0.1701	00.0857	03	01	02	-0.1306	-0.1048	01	00	02	-0.1644	-0.0827	02	01	02	-0.1392	00.0455	03	01	02
00388	-0.0731	-0.2209	02	01	02	-0.1711	00.0851	03	01	02	-0.1231	-0.0985	01	00	02	-0.1582	-0.0798	02	01	02	-0.1402	00.0450	03	01	02
00389	-0.0825	-0.2224	02	01	02	-0.1722	00.0846	03	01	02	-0.1159	-0.0915	01	00	02	-0.1522	-0.0777	02	01	02	-0.1413	00.0445	03	01	02
00390	-0.0919	-0.2189	02	01	02	-0.1732	00.0841	03	01	02	-0.1092	-0.0839	01	00	02	-0.1459	-0.0768	02	01	02	-0.1423	00.0439	03	01	02
00391	-0.1012	-0.2153	02	01	02	-0.1742	00.0835	03	01	02	-0.1033	-0.0758	01	00	02	-0.1385	-0.0772	02	01	02	-0.1433	00.0434	03	01	02
00392	-0.1105	-0.2116	02	01	02	-0.1752	00.0830	03	01	02	-0.0974	-0.0677	01	00	02	-0.1297	-0.0808	02	01	02	-0.1443	00.0429	03	01	02
00393	-0.1198	-0.2080	02	01	02	-0.1763	00.0825	03	01	02	-0.0916	-0.0596	01	00	02	-0.1260	-0.0896	02	01	02	-0.1454	00.0423	03	01	02
00394	-0.1291	-0.2044	02	01	02	-0.1773	00.0819	03	01	02	-0.0857	-0.0515	01	00	02	-0.1271	-0.0995	02	01	02	-0.1464	00.0418	03	01	02
00395	-0.1385	-0.2007	02	01	02	-0.1783	00.0814	03	01	02	-0.0799	-0.0434	01	00	02	-0.1283	-0.1094	02	01	02	-0.1474	00.0413	03	01	02
00396	-0.1478	-0.1971	02	01	02	-0.1794	00.0809	03	01	02	-0.0765	-0.0344	01	00	02	-0.1295	-0.1194	02	01	02	-0.1484	00.0407	03	01	02
00397	-0.1571	-0.1935	02	01	02	-0.1804	00.0803	03	01	02	-0.0804	-0.0257	01	00	02	-0.1307	-0.1293	02	01	02	-0.1495	00.0402	03	01	02
00398	-0.1664	-0.1898	02	01	02	-0.1814	00.0798	03	01	02	-0.0863	-0.0181	01	00	02	-0.1320	-0.1392	02	01	02	-0.1505	00.0397	03	01	02
00399	-0.1757	-0.1862	02	01	02	-0.1824	00.0793	03	01	02	-0.0853	-0.0086	01	00	02	-0.1332	-0.1492	02	01	02	-0.1515	00.0391	03	01	02
00400	-0.1850	-0.1826	02	01	02	-0.1870	00.0759	03	01	02	-0.0796	-0.0004	01	00	02	-0.1344	-0.1591	02	01	02	-0.1484	00.0430	03	01	02
00401	-0.1944	-0.1789	02	01	02	-0.1876	00.0756	03	01	02	-0.0737	00.0077	01	00	02	-0.1356	-0.1690	02	01	02	-0.1479	00.0500	03	01	02
00402	-0.2037	-0.1753	02	01	02	-0.1869	00.0816	03	01	02	-0.0703	00.0167	01	00	02	-0.1368	-0.1789	02	01	02	-0.1477	00.0564	03	01	02
00403	-0.2130	-0.1717	02	01	02	-0.1863	00.0880	03	01	02	-0.0742	00.0254	01	00	02	-0.1381	-0.1889	02	01	02	-0.1471	00.0628	03	01	02
00404	-0.2223	-0.1680	02	01	02	-0.1825	00.1006	03	01	02	-0.0822	00.0314	01	00	02	-0.1417	-0.1977	02	01	02	-0.1490	00.0635	03	01	02
00405	-0.2316	-0.1644	02	01	02	-0.1759	00.1120	03	01	02	-0.0903	00.0372	01	00	02	-0.1505	-0.2015	02	01	02	-0.1541	00.0657	03	01	02
00406	-0.2393	-0.1587	02	01	02	-0.1779	00.1177	03	01	02	-0.0964	00.0447	01	00	02	-0.1605	-0.2004	02	01	02	-0.1580	00.0706	03	01	02
00407	-0.2408	-0.1492	02	01	02	-0.1818	00.1226	03	01	02	-0.0954	00.0542	01	00	02	-0.1704	-0.1992	02	01	02	-0.1619	00.0755	03	01	02
00408	-0.2373	-0.1399	02	01	02	-0.1791	00.1283	03	01	02	-0.0896	00.0624	01	00	02	-0.1803	-0.1979	02	01	02	-0.1654	00.0796	03	01	02
00409	-0.2337	-0.1306	02	01	02	-0.1750	00.1290	03	01	02	-0.0838	00.0705	01	00	02	-0.1902	-0.1967	02	01	02	-0.1615	00.0866	03	01	02
00410	-0.2327	-0.1210	02	01	02	-0.1716	00.1206	03	01	02	-0.0779	00.0786	01	00	02	-0.1997	-0.1981	02	01	02	-0.1525	00.0897	03	01	02
00411	-0.2386	-0.1135	02	01	02	-0.1681	00.1112	03	01	02	-0.0720	00.0867	01	00	02	-0.2055	-0.2058	02	01	02	-0.1439	00.0856	03	01	02
00412	-0.2463	-0.1077	02	01	02	-0.1645	00.1019	03	01	02	-0.0662	00.0948	01	00	02	-0.2093	-0.2146	02	01	02	-0.1382	00.0774	03	01	02
00413	-0.2478	-0.0982	02	01	02	-0.1610	00.0925	03	01	02	-0.0603	00.1029	01	00	02	-0.2181	-0.2184	02	01	02	-0.1326	00.0691	03	01	02
00414	-0.2421	-0.0905	02	01	02	-0.1574	00.0832	03	01	02	-0.0569	00.1119	01	00	02	-0.2280	-0.2173	02	01	02	-0.1270	00.0608	03	01	02
00415	-0.2327	-0.0890	02	01	02	-0.1539	00.0738	03	01	02	-0.0608	00.1206	01	00	02	-0.2379	-0.2160	02	01	02	-0.1214	00.0525	03	01	02
00416	-0.2233	-0.0925	02	01	02	-0.1503	00.0645	03	01	02	-0.0698	00.1241	01	00	02	-0.2475	-0.2175	02	01	02	-0.1158	00.0442	03	01	02
00417	-0.2140	-0.0962	02	01	02	-0.1468	00.0551	03	01	02	-0.0785	00.1202	01	00	02	-0.2532	-0.2251	02	01	02	-0.1102	00.0359	03	01	02
00418	-0.2047	-0.0998	02	01	02	-0.1411	00.0474	03	01	02	-0.0844	00.1122	01	00	02	-0.2519	-0.2346	02	01	02	-0.1046	00.0276	03	01	02
00419	-0.1954	-0.1034	02	01	02	-0.1317	00.0458	03	01	02	-0.0903	00.1041	01	00	02	-0.2443	-0.2403	01	01	02	-0.0990	00.0194	03	01	02
00420	-0.1861	-0.1071	02	01	02	-0.1221	00.0466	03	01	02	-0.0962	00.0960	01	00	02	-0.2348	-0.2390	01	01	02	-0.0917	00.0131	03	01	02
00421	-0.1767	-0.1107	02	01	02	-0.1146	00.0405	03	01	02	-0.1020	00.0879	03	01	02	-0.2290	-0.2314	01	01	02	-0.0821	00.0138	03	01	02
00422	-0.1674	-0.1143	02	01	02	-0.1110	00.0313	03	01	02	-0.1054	00.0789	03	01	02	-0.2277	-0.2215	01	01	02	-0.0730	00.0167	03	01	02
00423	-0.1581	-0.1179	02	01	02	-0.1075	00.0219	03	01	02	-0.1015	00.0701	03	01	02	-0.2265	-0.2116	01	01	02	-0.0644	00.0126	03	01	02
00424	-0.1488	-0.1216	02	01	02	-0.1039	00.0126	03	01	02	-0.0956	00.0625	03	01	02	-0.2253	-0.2017	01	01	02	-0.0587	00.0043	03	01	02
00425	-0.1395	-0.1252	02	01	02	-0.1004	00.0032	03	01	02	-0.0965	00.0530	03	01	02	-0.2241	-0.1917	01	01	02	-0.0531	-0.0039	03	01	02
00426	-0.1302	-0.1288	02	01	02	-0.0947	-0.0046	03	01	02	-0.1023	00.0449	03	01	02	-0.2228	-0.1818	01	01	02	-0.0500	-0.0131	03	01	02
00427	-0.1208	-0.1325	02	01	02	-0.0878	-0.0059	02	01	02	-0.1082	00.0368	03	01	02	-0.2216	-0.1719	01	01	02	-0.0502	-0.0226	02	01	02
00428	-0.1131	-0.1382	02	01	02	-0.0800	-0.0003	02	01	02	-0.1140	00.0287	03	01	02	-0.2204	-0.1620	01	01	02	-0.0583	-0.0262	02	01	02
00429	-0.1117	-0.1477	02	01	02	-0.0785	00.0091	02	01	02	-0.1199	00.0206	03	01	02	-0.2192	-0.1520	01	01	02	-0.0669	-0.0220	02	01	02
00430	-0.1125	-0.1573	02	01	02	-0.0848	00.0176	02	01	02	-0.1274	00.0146	03	01	02	-0.2180	-0.1421	01	01	02	-0.0718	-0.0145	02	01	02
00431	-0.1066	-0.1647	02	01	02	-0.0973	00.0227	02	01	02	-0.1369	00.0155	03	01	02	-0.2167	-0.1322	01	01	02	-0.0754	-0.0082	02	01	02
00432	-0.0989	-0.1706	02	01	02	-0.1079	00.0210	02	01	02	-0.1451	00.0213	03	01	02	-0.2155	-0.1223	01	01	02	-0.0803	-0.0009	02	01	02
00433	-0.0974	-0.1800	02	01	02	-0.1173	00.0174	03	01	02	-0.1532	00.0272	03	01	02	-0.2143	-0.1123	01	01	02	-0.0859	00.0074	03	01	02
00434	-0.1010	-0.1894	02	01	02	-0.1269	00.0165	03	01	02	-0.1613	00.0330	03	01	02	-0.2131	-0.1024	01	01	02	-0.0915	00.0157	03	01	02
00435	-0.1046	-0.1987	02	01	02	-0.1343	00.0226	03	01	02	-0.1694	00.0389	03	01	02	-0.2118	-0.0925	01	01	02	-0.0971	00.0240	03	01	02
00436	-0.1082	-0.2080	02	01	02	-0.1401	00.0303	03	01	02	-0.1775	00.0448	03	01	02	-0.2082	-0.0836	01	01	02	-0.1027	00.0323	03	01	02
00437	-0.1119	-0.2173	02	01	02	-0.1495	00.0318	03	01	02	-0.1856	00.0506	03	01	02	-0.1994	-0.0798	01	01	02	-0.1083	00.0406	03	01	02
00438	-0.1176	-0.2250	02	01	02	-0.1591	00.0310	03	01	02	-0.1937	00.0565	03	01	02	-0.1899	-0.0783	01	01	02	-0.1139	00.0489	03	01	02
00439	-0.1271	-0.2265	02	01	02	-0.1665	00.0371	03	01	02	-0.2018	00.0623	03	01	02	-0.1841	-0.0707	01	01	02	-0.1195	00.0571	03	01	02
00440	-0.1367	-0.2256	02	01	02	-0.1702	00.0464	03	01	02	-0.2108	00.0657	03	01	02	-0.1803	-0.0618	01	01	02	-0.1225	00.0663	03	01	02
00441	-0.1441	-0.2316	02	01	02	-0.1737	00.0557	03	01	02	-0.2195	00.0618	03	01	02	-0.1715	-0.0581	01	01	02	-0.1184	00.0749	03	01	02
00442	-0.1500	-0.2393	02	01	02	-0.1746	00.0653	03	01	02	-0.2230	00.0529	03	01	02	-0.1620	-0.0566	01	01	02	-0.1093	00.0780	03	01	02
00443	-0.1594	-0.2407	02	01	02	-0.1686	00.0727	03	01	02	-0.2191	00.0442	01	01	02	-0.1562	-0.0489	01	01	02	-0.1007	00.0738	03	01	02
00444	-0.1672	-0.2351	02	01	02	-0.1591	00.0737	03	01	02	-0.2111	00.0382	01	01	02	-0.1525	-0.0401	01	01	02	-0.0976	00.0648	03	01	02
00445	-0.1686	-0.2256	02	01	02	-0.1516	00.0677	03	01	02	-0.2030	00.0324	01	01	02	-0.1437	-0.0363	01	01	02	-0.1017	00.0562	03	01	02
00446	-0.1651	-0.2163	02	01	02	-0.1506	00.0592	03	01	02	-0.1949	00.0265	01	01	02	-0.1342	-0.0348	01	01	02	-0.1073	00.0497	03	01	02
00447	-0.1615	-0.2070	02	01	02	-0.1530	00.0517	03	01	02	-0.1868	00.0206	01	01	02	-0.1284	-0.0272	01	01	02	-0.1097	00.0422	03	01	02
00448	-0.1578	-0.1977	02	01	02	-0.1551	00.0443	03	01	02	-0.1790	00.0146	01	01	02	-0.1246	-0.0183	01	01	02	-0.1119	00.0348	03	01	02
00449	-0.1542	-0.1883	02	01	02	-0.1517	00.0352	03	01	02	-0.1754	00.0055	01	01	02	-0.1158	-0.0146	01	01	02	-0.1084	00.0257	03	01	02
00450	-0.1506	-0.1790	02	01	02	-0.1506	00.0295	03	01	02	-0.1705	-0.0026	01	01	02	-0.1038	-0.0172	01	01	02	-0.1073	00.0201	03	01	02
00451	-0.1470	-0.1697	02	01	02	-0.1544	00.0270	03	01	02	-0.1629	-0.0089	01	01	02	-0.0930	-0.0144	01	01	02	-0.1112	00.0176	03	01	02
00452	-0.1433	-0.1604	02	01	02	-0.1606	00.0212	03	01	02	-0.1548	-0.0147	01	01	02	-0.0885	-0.0061	01	01	02	-0.1173	00.0117	03	01	02
00453	-0.1397	-0.1511	02	01	02	-0.1598	00.0128	03	01	02	-0.1475	-0.0210	01	01	02	-0.0797	-0.0024	01	01	02	-0.1160	00.0073	03	01	02
00454	-0.1361	-0.1418	02	01	02	-0.1563	00.0034	03	01	02	-0.1394	-0.0269	01	01	02	-0.0702	-0.0008	01	01	02	-0.1126	00.0037	03	01	02
00455	-0.1324	-0.1324	02	01	02	-0.1527	-0.0059	03	01	02	-0.1313	-0.0328	01	01	02	-0.0644	00.0068	01	01	02	-0.1100	-0.0006	03	01	02
00456	-0.1288	-0.1231	02	01	02	-0.1512	-0.0182	03	01	02	-0.1232	-0.0386	01	01	02	-0.0657	00.0163	01	01	02	-0.1087	00.0015	03	01	02
00457	-0.1252	-0.1138	02	01	02	-0.1464	-0.0303	02	01	02	-0.1151	-0.0445	01	01	02	-0.0734	00.0220	03	01	02	-0.1124	00.0052	03	01	02
00458	-0.1215	-0.1045	02	01	02	-0.1442	-0.0353	02	01	02	-0.1070	-0.0504	01	01	02	-0.0833	00.0234	03	01	02	-0.1167	00.0041	03	01	02
00459	-0.1179	-0.0952	02	01	02	-0.1413	-0.0392	02	01	02	-0.0989	-0.0562	01	01	02	-0.0932	00.0246	03	01	02	-0.1219	00.0020	03	01	02
00460	-0.1154	-0.0880	02	01	02	-0.1345	-0.0416	02	01	02	-0.0897	-0.0599	01	01	02	-0.1031	00.0258	03	01	02	-0.1295	-0.0021	03	01	02
00461	-0.1119	-0.0789	02	01	02	-0.1252	-0.0383	02	01	02	-0.0815	-0.0656	01	01	02	-0.1130	00.0270	03	01	02	-0.1378	-0.0077	03	01	02
00462	-0.1072	-0.0712	02	01	02	-0.1170	-0.0332	02	01	02	-0.0734	-0.0714	01	01	02	-0.1230	00.0283	03	01	02	-0.1460	-0.0133	03	01	02
00463	-0.1016	-0.0649	02	01	02	-0.1095	-0.0267	02	01	02	-0.0653	-0.0773	01	01	02	-0.1329	00.0295	03	01	02	-0.1543	-0.0189	02	01	02
00464	-0.1002	-0.0613	02	01	02	-0.0969	-0.0178	02	01	02	-0.0572	-0.0832	01	01	02	-0.1428	00.0307	03	01	02	-0.1626	-0.0245	02	01	02
00465	-0.0998	-0.0558	02	01	02	-0.0803	-0.0128	02	01	02	-0.0491	-0.0890	01	01	02	-0.1527	00.0319	03	01	02	-0.1709	-0.0301	02	01	02
00466	-0.0979	-0.0493	02	01	02	-0.0618	-0.0147	02	01	02	-0.0410	-0.0949	01	01	02	-0.1616	00.0356	03	01	02	-0.1792	-0.0357	02	01	02
00467	-0.0891	-0.0480	02	01	02	-0.0541	-0.0188	01	01	02	-0.0329	-0.1008	01	01	02	-0.1654	00.0444	03	01	02	-0.1875	-0.0413	02	01	02
00468	-0.0818	-0.0533	02	01	02	-0.0613	-0.0206	01	01	02	-0.0268	-0.1083	01	01	02	-0.1643	00.0543	03	01	02	-0.1958	-0.0469	02	01	02
00469	-0.0725	-0.0570	02	01	02	-0.0706	-0.0240	01	01	02	-0.0278	-0.1178	01	01	02	-0.1631	00.0642	03	01	02	-0.2041	-0.0525	02	01	02
00470	-0.0648	-0.0628	02	01	02	-0.0784	-0.0297	01	01	02	-0.0311	-0.1269	01	01	02	-0.1618	00.0742	03	01	02	-0.2132	-0.0555	02	01	02
00471	-0.0633	-0.0722	02	01	02	-0.0799	-0.0392	01	01	02	-0.0272	-0.1356	01	01	02	-0.1606	00.0841	03	01	02	-0.2218	-0.0514	02	01	02
00472	-0.0668	-0.0816	02	01	02	-0.0791	-0.0488	01	01	02	-0.0213	-0.1432	01	01	02	-0.1594	00.0940	03	01	02	-0.2249	-0.0423	02	01	02
00473	-0.0705	-0.0909	02	01	02	-0.0852	-0.0562	01	01	02	-0.0222	-0.1527	01	01	02	-0.1582	00.1039	03	01	02	-0.2208	-0.0337	02	01	02
00474	-0.0741	-0.1002	02	01	02	-0.0929	-0.0620	01	01	02	-0.0255	-0.1618	01	01	02	-0.1570	00.1139	03	01	02	-0.2126	-0.0280	02	01	02
00475	-0.0777	-0.1095	02	01	02	-0.0944	-0.0714	01	01	02	-0.0216	-0.1705	01	01	02	-0.1557	00.1238	03	01	02	-0.2043	-0.0224	02	01	02
00476	-0.0836	-0.1176	02	01	02	-0.0936	-0.0807	01	01	02	-0.0157	-0.1781	01	01	02	-0.1521	00.1327	03	01	02	-0.1960	-0.0168	02	01	02
00477	-0.0950	-0.1252	02	01	02	-0.0985	-0.0857	01	01	02	-0.0166	-0.1876	01	01	02	-0.1433	00.1364	03	01	02	-0.1877	-0.0112	02	01	02
00478	-0.1050	-0.1253	02	01	02	-0.1078	-0.0893	01	01	02	-0.0224	-0.1957	01	01	02	-0.1338	00.1379	03	01	02	-0.1794	-0.0056	02	01	02
00479	-0.1125	-0.1312	02	01	02	-0.1172	-0.0929	01	01	02	-0.0283	-0.2038	01	01	02	-0.1280	00.1456	03	01	02	-0.1711	-0.0000	02	01	02
00480	-0.1183	-0.1389	02	01	02	-0.1265	-0.0964	01	01	02	-0.0341	-0.2119	01	01	02	-0.1293	00.1550	03	01	02	-0.1628	00.0056	02	01	02
00481	-0.1278	-0.1404	02	01	02	-0.1359	-0.1000	01	01	02	-0.0400	-0.2200	02	01	02	-0.1369	00.1608	03	01	02	-0.1546	00.0111	03	01	02
00482	-0.1374	-0.1395	02	01	02	-0.1452	-0.1035	01	01	02	-0.0459	-0.2281	02	01	02	-0.1464	00.1595	03	01	02	-0.1483	00.0185	03	01	02
00483	-0.1448	-0.1455	02	01	02	-0.1546	-0.1070	01	01	02	-0.0517	-0.2362	02	01	02	-0.1522	00.1519	03	01	02	-0.1490	00.0280	03	01	02
00484	-0.1507	-0.1531	02	01	02	-0.1623	-0.1127	01	01	02	-0.0576	-0.2443	02	01	02	-0.1535	00.1420	03	01	02	-0.1519	00.0372	03	01	02
00485	-0.1566	-0.1609	02	01	02	-0.1676	-0.1166	01	01	02	-0.0634	-0.2524	02	01	02	-0.1547	00.1321	03	01	02	-0.1478	00.0458	03	01	02
00486	-0.1685	-0.1642	02	01	02	-0.1643	-0.1207	01	01	02	-0.0710	-0.2585	02	01	02	-0.1559	00.1222	03	01	02	-0.1395	00.0514	03	01	02
00487	-0.1797	-0.1624	02	01	02	-0.1664	-0.1250	01	01	02	-0.0805	-0.2575	02	01	02	-0.1572	00.1122	03	01	02	-0.1313	00.0570	03	01	02
00488	-0.1891	-0.1624	02	01	02	-0.1738	-0.1243	01	01	02	-0.0886	-0.2517	02	01	02	-0.1584	00.1023	03	01	02	-0.1250	00.0644	03	01	02
00489	-0.1984	-0.1588	02	01	02	-0.1752	-0.1323	01	01	02	-0.0967	-0.2459	02	01	02	-0.1606	00.0927	03	01	02	-0.1244	00.0735	03	01	02
00490	-0.2080	-0.1579	02	01	02	-0.1745	-0.1419	01	01	02	-0.1048	-0.2400	02	01	02	-0.1624	00.0829	03	01	02	-0.1266	00.0826	03	01	02
00491	-0.2155	-0.1638	02	01	02	-0.1805	-0.1493	01	01	02	-0.1129	-0.2341	02	01	02	-0.1636	00.0730	03	01	02	-0.1224	00.0912	03	01	02
00492	-0.2177	-0.1757	02	01	02	-0.1874	-0.1525	01	01	02	-0.1210	-0.2283	02	01	02	-0.1648	00.0631	03	01	02	-0.1134	00.0943	03	01	02
00493	-0.2135	-0.1895	02	01	02	-0.1883	-0.1580	01	01	02	-0.1291	-0.2224	02	01	02	-0.1660	00.0531	03	01	02	-0.1047	00.0902	03	01	02
00494	-0.2116	-0.1989	02	01	02	-0.1832	-0.1651	01	01	02	-0.1372	-0.2165	02	01	02	-0.1697	00.0443	03	01	02	-0.0991	00.0820	03	01	02
00495	-0.2050	-0.2047	02	01	02	-0.1865	-0.1706	01	01	02	-0.1453	-0.2107	02	01	02	-0.1785	00.0405	03	01	02	-0.0935	00.0737	03	01	02
00496	-0.1994	-0.2112	02	01	02	-0.1958	-0.1743	01	01	02	-0.1502	-0.2040	02	01	02	-0.1884	00.0416	03	01	02	-0.0879	00.0654	03	01	02
00497	-0.1945	-0.2200	02	01	02	-0.2051	-0.1778	01	01	02	-0.1521	-0.1986	02	01	02	-0.1984	00.0428	03	01	02	-0.0823	00.0571	03	01	02
00498	-0.1901	-0.2253	02	01	02	-0.2129	-0.1835	01	01	02	-0.1489	-0.2025	02	01	02	-0.2079	00.0414	03	01	02	-0.0767	00.0488	03	01	02
00499	-0.1860	-0.2305	02	01	02	-0.2144	-0.1929	01	01	02	-0.1448	-0.2077	02	01	02	-0.2136	00.0338	03	01	02	-0.0711	00.0405	03	01	02
00500	-0.1819	-0.2357	02	01	02	-0.2137	-0.2025	01	01	02	-0.1407	-0.2129	02	01	02	-0.2123	00.0243	03	01	02	-0.0655	00.0322	03	01	02
00501	-0.1778	-0.2408	02	01	02	-0.2197	-0.2099	01	01	02	-0.1367	-0.2180	02	01	02	-0.2047	00.0185	03	01	02	-0.0599	00.0240	03	01	02
00502	-0.1730	-0.2507	02	01	02	-0.2274	-0.2157	01	01	02	-0.1360	-0.2165	02	01	02	-0.1952	00.0198	03	01	02	-0.0543	00.0157	03	01	02
00503	-0.1681	-0.2583	02	01	02	-0.2290	-0.2251	01	01	02	-0.1396	-0.2157	02	01	02	-0.1895	00.0275	03	01	02	-0.0487	00.0074	03	01	02
00504	-0.1699	-0.2609	02	01	02	-0.2282	-0.2347	01	01	02	-0.1423	-0.2178	02	01	02	-0.1881	00.0374	03	01	02	-0.0431	-0.0009	03	01	02
00505	-0.1726	-0.2631	02	01	02	-0.2342	-0.2422	01	01	02	-0.1450	-0.2200	02	01	02	-0.1869	00.0473	03	01	02	-0.0375	-0.0092	02	01	02
00506	-0.1752	-0.2653	02	01	02	-0.2435	-0.2458	01	01	02	-0.1476	-0.2222	02	01	02	-0.1857	00.0572	03	01	02	-0.0344	-0.0183	02	01	02
00507	-0.1779	-0.2675	02	01	02	-0.2529	-0.2493	01	01	02	-0.1503	-0.2244	02	01	02	-0.1845	00.0671	03	01	02	-0.0386	-0.0269	02	01	02
00508	-0.1805	-0.2697	02	01	02	-0.2625	-0.2502	01	01	02	-0.1529	-0.2266	02	01	02	-0.1808	00.0760	03	01	02	-0.0476	-0.0301	02	01	02
00509	-0.1832	-0.2719	02	01	02	-0.2699	-0.2442	01	01	02	-0.1556	-0.2288	02	01	02	-0.1720	00.0798	03	01	02	-0.0562	-0.0259	02	01	02
00510	-0.1858	-0.2741	02	01	02	-0.2735	-0.2349	01	01	02	-0.1582	-0.2310	02	01	02	-0.1625	00.0813	03	01	02	-0.0619	-0.0177	02	01	02
00511	-0.1885	-0.2763	02	01	02	-0.2752	-0.2257	02	01	02	-0.1609	-0.2332	02	01	02	-0.1567	00.0889	03	01	02	-0.0675	-0.0094	02	01	02
00512	-0.1911	-0.2785	02	01	02	-0.2752	-0.2166	02	01	02	-0.1635	-0.2354	02	01	02	-0.1554	00.0988	03	01	02	-0.0731	-0.0011	02	01	02
00513	-0.1938	-0.2807	02	01	02	-0.2752	-0.2075	02	01	02	-0.1662	-0.2376	02	01	02	-0.1542	00.1087	03	01	02	-0.0787	00.0072	02	01	02
00514	-0.1964	-0.2829	02	01	02	-0.2752	-0.1983	02	01	02	-0.1688	-0.2398	02	01	02	-0.1505	00.1176	03	01	02	-0.0860	00.0134	02	01	02
00515	-0.1991	-0.2851	02	01	02	-0.2752	-0.1892	02	01	02	-0.1715	-0.2420	02	01	02	-0.1417	00.1214	03	01	02	-0.0956	00.0128	02	01	02
00516	-0.2046	-0.2828	02	01	02	-0.2752	-0.1801	02	01	02	-0.1737	-0.2448	02	01	02	-0.1318	00.1203	03	01	02	-0.1039	00.0073	02	01	02
00517	-0.2067	-0.2771	02	01	02	-0.2752	-0.1710	02	01	02	-0.1820	-0.2432	02	01	02	-0.1219	00.1191	03	01	02	-0.1122	00.0017	03	01	02
00518	-0.2065	-0.2712	02	01	02	-0.2757	-0.1615	02	01	02	-0.1884	-0.2358	02	01	02	-0.1124	00.1205	03	01	02	-0.1205	-0.0039	03	01	02
00519	-0.2049	-0.2650	02	01	02	-0.2697	-0.1541	02	01	02	-0.1959	-0.2289	02	01	02	-0.1066	00.1281	03	01	02	-0.1288	-0.0095	03	01	02
00520	-0.2016	-0.2567	02	01	02	-0.2620	-0.1483	02	01	02	-0.2039	-0.2230	02	01	02	-0.1079	00.1376	03	01	02	-0.1379	-0.0126	03	01	02
00521	-0.1979	-0.2473	02	01	02	-0.2604	-0.1389	02	01	02	-0.2120	-0.2171	02	01	02	-0.1155	00.1433	03	01	02	-0.1465	-0.0084	03	01	02
00522	-0.1922	-0.2396	02	01	02	-0.2612	-0.1293	02	01	02	-0.2181	-0.2096	02	01	02	-0.1250	00.1420	03	01	02	-0.1522	-0.0002	03	01	02
00523	-0.1827	-0.2382	02	01	02	-0.2551	-0.1218	02	01	02	-0.2171	-0.2001	02	01	02	-0.1308	00.1344	03	01	02	-0.1578	00.0081	03	01	02
00524	-0.1734	-0.2417	02	01	02	-0.2474	-0.1161	02	01	02	-0.2113	-0.1919	02	01	02	-0.1321	00.1245	03	01	02	-0.1633	00.0163	03	01	02
00525	-0.1641	-0.2453	02	01	02	-0.2459	-0.1066	02	01	02	-0.2055	-0.1838	02	01	02	-0.1333	00.1146	03	01	02	-0.1689	00.0246	03	01	02
00526	-0.1545	-0.2463	02	01	02	-0.2466	-0.0970	02	01	02	-0.1996	-0.1757	02	01	02	-0.1345	00.1047	03	01	02	-0.1745	00.0329	03	01	02
00527	-0.1470	-0.2403	02	01	02	-0.2406	-0.0896	02	01	02	-0.1937	-0.1676	02	01	02	-0.1357	00.0948	03	01	02	-0.1801	00.0412	03	01	02
00528	-0.1460	-0.2308	02	01	02	-0.2329	-0.0838	02	01	02	-0.1879	-0.1595	02	01	02	-0.1370	00.0848	03	01	02	-0.1875	00.0475	03	01	02
00529	-0.1519	-0.2233	02	02	02	-0.2313	-0.0744	02	01	02	-0.1820	-0.1514	02	01	02	-0.1382	00.0749	03	01	02	-0.1970	00.0468	03	01	02
00530	-0.1612	-0.2196	02	02	02	-0.2321	-0.0648	02	01	02	-0.1761	-0.1433	02	01	02	-0.1394	00.0650	03	01	02	-0.2053	00.0413	03	01	02
00531	-0.1705	-0.2160	02	02	02	-0.2261	-0.0574	02	01	02	-0.1703	-0.1352	02	01	02	-0.1406	00.0551	03	01	02	-0.2136	00.0357	03	01	02
00532	-0.1798	-0.2124	02	02	02	-0.2168	-0.0538	02	01	02	-0.1644	-0.1271	02	01	02	-0.1443	00.0462	03	01	02	-0.2227	00.0326	03	01	02
00533	-0.1891	-0.2087	02	02	02	-0.2074	-0.0502	02	01	02	-0.1585	-0.1190	02	01	02	-0.1531	00.0424	03	01	02	-0.2313	00.0368	03	01	02
00534	-0.1984	-0.2051	02	02	02	-0.1978	-0.0493	02	01	02	-0.1510	-0.1130	02	01	02	-0.1630	00.0435	03	01	02	-0.2370	00.0450	03	01	02
00535	-0.2078	-0.2015	02	02	02	-0.1904	-0.0554	02	01	02	-0.1415	-0.1140	02	01	02	-0.1729	00.0447	03	01	02	-0.2426	00.0533	03	01	02
00536	-0.2171	-0.1978	02	02	02	-0.1868	-0.0647	02	01	02	-0.1325	-0.1172	02	01	02	-0.1818	00.0484	03	01	02	-0.2457	00.0624	03	01	02
00537	-0.2264	-0.1942	02	02	02	-0.1832	-0.0740	02	01	02	-0.1237	-0.1134	02	01	02	-0.1856	00.0572	03	01	02	-0.2415	00.0710	03	01	02
00538	-0.2341	-0.1884	02	02	02	-0.1797	-0.0834	02	01	02	-0.1178	-0.1053	02	01	02	-0.1845	00.0671	03	01	02	-0.2333	00.0767	03	01	02
00539	-0.2356	-0.1790	02	02	02	-0.1762	-0.0927	02	01	02	-0.1119	-0.0972	02	01	02	-0.1833	00.0770	03	01	02	-0.2250	00.0823	03	01	02
00540	-0.2347	-0.1694	02	02	02	-0.1726	-0.1021	02	01	02	-0.1044	-0.0912	02	01	02	-0.1797	00.0858	03	01	02	-0.2191	00.0890	03	01	02
00541	-0.2407	-0.1619	02	02	02	-0.1691	-0.1114	02	01	02	-0.0949	-0.0922	02	01	02	-0.1749	00.0942	03	01	02	-0.2143	00.0962	03	01	02
00542	-0.2483	-0.1561	02	02	02	-0.1656	-0.1208	02	01	02	-0.0888	-0.0996	02	01	02	-0.1708	00.1029	03	01	02	-0.2065	00.1019	03	01	02
00543	-0.2498	-0.1466	02	02	02	-0.1620	-0.1301	02	01	02	-0.0898	-0.1091	02	01	02	-0.1620	00.1067	03	01	02	-0.1982	00.1075	03	01	02
00544	-0.2489	-0.1370	02	02	02	-0.1585	-0.1395	02	01	02	-0.0956	-0.1173	02	01	02	-0.1525	00.1082	03	01	02	-0.1891	00.1106	03	01	02
00545	-0.2549	-0.1296	02	02	02	-0.1549	-0.1488	02	01	02	-0.1014	-0.1254	02	01	02	-0.1468	00.1158	03	01	02	-0.1805	00.1064	03	01	02
00546	-0.2625	-0.1237	02	02	02	-0.1514	-0.1582	02	01	02	-0.1073	-0.1335	02	01	02	-0.1430	00.1247	03	01	02	-0.1773	00.0974	03	01	02
00547	-0.2640	-0.1143	02	02	02	-0.1479	-0.1676	02	01	02	-0.1131	-0.1416	02	01	02	-0.1342	00.1285	03	01	02	-0.1815	00.0888	03	01	02
00548	-0.2605	-0.1049	02	02	02	-0.1443	-0.1769	02	01	02	-0.1190	-0.1496	02	01	02	-0.1253	00.1249	03	01	02	-0.1897	00.0831	03	01	02
00549	-0.2569	-0.0956	02	02	02	-0.1420	-0.1872	02	01	02	-0.1237	-0.1568	02	01	02	-0.1215	00.1161	03	01	02	-0.1980	00.0775	03	01	02
00550	-0.2511	-0.0879	02	02	02	-0.1386	-0.1968	02	01	02	-0.1294	-0.1647	02	01	02	-0.1227	00.1062	03	01	02	-0.2063	00.0719	03	01	02
00551	-0.2416	-0.0864	02	02	02	-0.1351	-0.2061	02	01	02	-0.1353	-0.1728	02	01	02	-0.1239	00.0963	03	01	02	-0.2145	00.0663	03	01	02
00552	-0.2323	-0.0900	02	02	02	-0.1315	-0.2155	02	01	02	-0.1411	-0.1809	02	01	02	-0.1251	00.0863	03	01	02	-0.2228	00.0607	03	01	02
00553	-0.2230	-0.0936	02	02	02	-0.1280	-0.2248	02	01	02	-0.1470	-0.1890	02	01	02	-0.1263	00.0764	03	01	02	-0.2311	00.0551	03	01	02
00554	-0.2134	-0.0946	02	02	02	-0.1244	-0.2342	02	01	02	-0.1504	-0.1980	02	01	02	-0.1300	00.0675	03	01	02	-0.2402	00.0521	03	01	02
00555	-0.2059	-0.0886	02	02	02	-0.1209	-0.2435	02	01	02	-0.1465	-0.2068	02	01	02	-0.1388	00.0638	03	01	02	-0.2488	00.0562	03	01	02
00556	-0.2022	-0.0793	02	02	02	-0.1152	-0.2513	02	01	02	-0.1405	-0.2144	02	01	02	-0.1487	00.0649	03	01	02	-0.2520	00.0653	03	01	02
00557	-0.1986	-0.0700	02	02	02	-0.1058	-0.2529	02	01	02	-0.1415	-0.2239	02	01	02	-0.1586	00.0661	03	01	02	-0.2478	00.0739	03	01	02
00558	-0.1928	-0.0623	02	02	02	-0.0980	-0.2473	02	01	02	-0.1473	-0.2320	02	01	02	-0.1686	00.0673	03	01	02	-0.2396	00.0796	03	01	02
00559	-0.1834	-0.0608	02	02	02	-0.0964	-0.2379	02	01	02	-0.1531	-0.2401	02	01	02	-0.1785	00.0685	03	01	02	-0.2313	00.0851	03	01	02
00560	-0.1741	-0.0644	02	02	02	-0.0999	-0.2285	02	01	02	-0.1606	-0.2461	02	01	02	-0.1880	00.0671	03	01	02	-0.2230	00.0907	03	01	02
00561	-0.1647	-0.0680	02	02	02	-0.1034	-0.2191	02	01	02	-0.1702	-0.2452	02	01	02	-0.1938	00.0595	03	01	02	-0.2148	00.0963	03	01	02
00562	-0.1554	-0.0716	02	02	02	-0.1070	-0.2098	02	01	02	-0.1762	-0.2378	02	01	02	-0.1976	00.0506	03	01	02	-0.2065	00.1019	03	01	02
00563	-0.1461	-0.0753	02	02	02	-0.1105	-0.2004	01	01	02	-0.1753	-0.2282	02	01	02	-0.2064	00.0469	03	01	02	-0.1982	00.1075	03	01	02
00564	-0.1384	-0.0810	02	02	02	-0.1140	-0.1911	01	01	02	-0.1695	-0.2201	02	01	02	-0.2159	00.0454	03	01	02	-0.1899	00.1131	03	01	02
00565	-0.1369	-0.0905	02	02	02	-0.1176	-0.1817	01	01	02	-0.1636	-0.2120	02	01	02	-0.2216	00.0377	03	01	02	-0.1816	00.1187	03	01	02
00566	-0.1404	-0.0998	02	02	02	-0.1211	-0.1724	01	01	02	-0.1578	-0.2039	02	01	02	-0.2203	00.0283	03	01	02	-0.1733	00.1243	03	01	02
00567	-0.1441	-0.1091	02	02	02	-0.1246	-0.1630	01	01	02	-0.1519	-0.1958	02	01	02	-0.2127	00.0225	03	01	02	-0.1650	00.1299	03	01	02
00568	-0.1484	-0.1148	02	02	02	-0.1274	-0.1573	01	01	02	-0.1460	-0.1877	02	01	02	-0.2032	00.0238	03	01	02	-0.1568	00.1355	03	01	02
00569	-0.1546	-0.1173	02	02	02	-0.1253	-0.1494	01	01	02	-0.1409	-0.1804	02	01	02	-0.1974	00.0314	03	01	02	-0.1485	00.1411	03	01	02
00570	-0.1585	-0.1264	02	02	02	-0.1256	-0.1404	01	01	02	-0.1351	-0.1723	02	01	02	-0.1961	00.0413	03	01	02	-0.1393	00.1442	03	01	02
00571	-0.1621	-0.1357	02	02	02	-0.1291	-0.1310	01	01	02	-0.1292	-0.1642	02	01	02	-0.1949	00.0512	03	01	02	-0.1307	00.1400	03	01	02
00572	-0.1657	-0.1450	02	02	02	-0.1326	-0.1217	01	01	02	-0.1233	-0.1561	02	01	02	-0.1937	00.0612	03	01	02	-0.1276	00.1310	03	01	02
00573	-0.1694	-0.1543	02	02	02	-0.1362	-0.1123	01	01	02	-0.1175	-0.1480	02	01	02	-0.1925	00.0711	03	01	02	-0.1318	00.1224	03	01	02
00574	-0.1730	-0.1637	02	02	02	-0.1397	-0.1030	01	01	02	-0.1141	-0.1390	02	01	02	-0.1912	00.0810	03	01	02	-0.1379	00.1150	03	01	02
00575	-0.1766	-0.1730	02	02	02	-0.1432	-0.0936	01	01	02	-0.1180	-0.1303	02	01	02	-0.1900	00.0909	03	01	02	-0.1373	00.1055	03	01	02
00576	-0.1824	-0.1807	02	02	02	-0.1468	-0.0843	01	01	02	-0.1260	-0.1243	02	01	02	-0.1863	00.0998	03	01	02	-0.1343	00.0963	03	01	02
00577	-0.1918	-0.1822	02	02	02	-0.1503	-0.0749	01	01	02	-0.1341	-0.1185	02	01	02	-0.1779	00.1045	03	01	02	-0.1381	00.0868	03	01	02
00578	-0.2012	-0.1786	02	02	02	-0.1539	-0.0656	01	01	02	-0.1422	-0.1126	02	01	02	-0.1703	00.1031	03	01	02	-0.1433	00.0776	03	01	02
00579	-0.2105	-0.1750	02	02	02	-0.1574	-0.0562	01	01	02	-0.1503	-0.1067	02	01	02	-0.1665	00.0943	03	01	02	-0.1427	00.0681	03	01	02
00580	-0.2182	-0.1693	02	02	02	-0.1609	-0.0469	01	01	02	-0.1584	-0.1009	02	01	02	-0.1650	00.0848	03	01	02	-0.1397	00.0589	03	01	02
00581	-0.2197	-0.1598	02	02	02	-0.1645	-0.0375	01	01	02	-0.1665	-0.0950	02	01	02	-0.1583	00.0795	03	01	02	-0.1425	00.0493	03	01	02
00582	-0.2161	-0.1505	02	02	02	-0.1680	-0.0282	01	01	02	-0.1755	-0.0916	02	01	02	-0.1494	00.0757	03	01	02	-0.1487	00.0420	03	01	02
00583	-0.2125	-0.1412	02	02	02	-0.1716	-0.0188	01	01	02	-0.1843	-0.0955	02	01	02	-0.1457	00.0669	03	01	02	-0.1480	00.0324	03	01	02
00584	-0.2130	-0.1394	02	02	02	-0.1751	-0.0094	01	01	02	-0.1861	-0.0960	02	01	02	-0.1441	00.0574	03	01	02	-0.1451	00.0233	03	01	02
00585	-0.2141	-0.1388	02	02	02	-0.1815	-0.0006	01	01	02	-0.1872	-0.0953	02	01	02	-0.1365	00.0516	03	01	02	-0.1447	00.0150	03	01	02
00586	-0.2152	-0.1382	02	02	02	-0.1855	00.0088	01	01	02	-0.1883	-0.0947	02	01	02	-0.1277	00.0479	03	01	02	-0.1507	00.0093	03	01	02
00587	-0.2163	-0.1376	02	02	02	-0.1891	00.0181	01	01	02	-0.1894	-0.0941	02	01	02	-0.1239	00.0391	03	01	02	-0.1590	00.0037	03	01	02
00588	-0.2175	-0.1370	02	02	02	-0.1926	00.0275	01	01	02	-0.1905	-0.0935	02	01	02	-0.1224	00.0296	03	01	02	-0.1673	-0.0019	03	01	02
00589	-0.2186	-0.1363	02	02	02	-0.1961	00.0368	01	01	02	-0.1916	-0.0929	02	01	02	-0.1148	00.0238	03	01	02	-0.1756	-0.0075	02	01	02
00590	-0.2197	-0.1357	02	02	02	-0.2018	00.0446	01	01	02	-0.1928	-0.0923	02	01	02	-0.1059	00.0200	03	01	02	-0.1847	-0.0106	02	01	02
00591	-0.2208	-0.1351	02	02	02	-0.2112	00.0462	01	01	02	-0.1939	-0.0917	02	01	02	-0.1021	00.0112	03	01	02	-0.1933	-0.0064	02	01	02
00592	-0.2219	-0.1345	02	02	02	-0.2208	00.0454	01	01	02	-0.1950	-0.0910	02	01	02	-0.1032	00.0013	03	01	02	-0.1965	00.0026	02	01	02
00593	-0.2230	-0.1339	02	02	02	-0.2283	00.0514	01	01	02	-0.1961	-0.0904	02	01	02	-0.1045	-0.0086	03	01	02	-0.1923	00.0112	02	01	02
00594	-0.2241	-0.1333	02	02	02	-0.2292	00.0610	01	01	02	-0.1972	-0.0898	02	01	02	-0.1057	-0.0186	03	01	02	-0.1841	00.0169	02	01	02
00595	-0.2253	-0.1327	02	02	02	-0.2232	00.0684	03	01	02	-0.1983	-0.0892	02	01	02	-0.1069	-0.0285	02	01	02	-0.1758	00.0225	03	01	02
00596	-0.2264	-0.1320	02	02	02	-0.2139	00.0720	03	01	02	-0.1994	-0.0886	02	01	02	-0.1106	-0.0374	02	01	02	-0.1675	00.0281	03	01	02
00597	-0.2275	-0.1314	02	02	02	-0.2046	00.0755	03	01	02	-0.2005	-0.0880	02	01	02	-0.1194	-0.0411	02	01	02	-0.1592	00.0337	03	01	02
00598	-0.2286	-0.1308	02	02	02	-0.1952	00.0791	03	01	02	-0.2017	-0.0874	02	01	02	-0.1293	-0.0400	02	01	02	-0.1510	00.0393	03	01	02
00599	-0.2297	-0.1302	02	02	02	-0.1858	00.0826	03	01	02	-0.2028	-0.0868	02	01	02	-0.1392	-0.0388	02	01	02	-0.1427	00.0449	03	01	02
00600	-0.2308	-0.1296	02	02	02	-0.1765	00.0862	03	01	02	-0.2039	-0.0861	02	01	02	-0.1491	-0.0376	02	01	02	-0.1344	00.0505	03	01	02
00601	-0.2319	-0.1290	02	02	02	-0.1671	00.0897	03	01	02	-0.2050	-0.0855	02	01	02	-0.1591	-0.0364	02	01	02	-0.1261	00.0561	03	01	02
00602	-0.2331	-0.1284	02	02	02	-0.1576	00.0906	03	01	02	-0.2061	-0.0849	02	01	02	-0.1690	-0.0351	02	01	02	-0.1178	00.0617	03	01	02
00603	-0.2342	-0.1278	02	02	02	-0.1501	00.0845	03	01	02	-0.2072	-0.0843	02	01	02	-0.1789	-0.0339	02	01	02	-0.1095	00.0673	03	01	02
00604	-0.2353	-0.1271	02	02	02	-0.1465	00.0753	03	01	02	-0.2083	-0.0837	02	01	02	-0.1888	-0.0327	02	01	02	-0.1012	00.0729	03	01	02
00605	-0.2364	-0.1265	02	02	02	-0.1430	00.0659	03	01	02	-0.2095	-0.0831	02	01	02	-0.1988	-0.0315	02	01	02	-0.0929	00.0785	03	01	02
00606	-0.2375	-0.1259	02	02	02	-0.1394	00.0565	03	01	02	-0.2106	-0.0825	02	01	02	-0.2077	-0.0278	02	01	02	-0.0867	00.0858	03	01	02
00607	-0.2386	-0.1253	02	02	02	-0.1359	00.0472	03	01	02	-0.2117	-0.0818	02	01	02	-0.2114	-0.0190	02	01	02	-0.0873	00.0953	03	01	02
00608	-0.2397	-0.1247	02	02	02	-0.1302	00.0394	03	01	02	-0.2128	-0.0812	02	01	02	-0.2129	-0.0095	02	01	02	-0.0946	00.1016	03	01	02
00609	-0.2409	-0.1241	02	02	02	-0.1208	00.0379	03	01	02	-0.2139	-0.0806	02	01	02	-0.2206	-0.0037	02	01	02	-0.1041	00.1010	03	01	02
00610	-0.2420	-0.1235	02	02	02	-0.1114	00.0413	03	01	02	-0.2150	-0.0800	02	01	02	-0.2294	00.0001	02	01	02	-0.1104	00.0938	03	01	02
00611	-0.2431	-0.1228	02	02	02	-0.1011	00.0440	03	01	02	-0.2161	-0.0794	02	01	02	-0.2332	00.0088	02	01	02	-0.1109	00.0851	01	01	02
00612	-0.2442	-0.1222	02	02	02	-0.0911	00.0445	03	01	02	-0.2173	-0.0788	02	01	02	-0.2347	00.0184	02	01	02	-0.1085	00.0764	01	01	02
00613	-0.2453	-0.1216	02	02	02	-0.0837	00.0385	03	01	02	-0.2184	-0.0782	02	01	02	-0.2423	00.0241	03	01	02	-0.1126	00.0678	01	01	02
00614	-0.2464	-0.1210	02	02	02	-0.0800	00.0292	03	01	02	-0.2195	-0.0776	02	01	02	-0.2512	00.0279	03	01	02	-0.1188	00.0604	01	01	02
00615	-0.2475	-0.1204	02	02	02	-0.0765	00.0198	03	01	02	-0.2206	-0.0769	02	01	02	-0.2549	00.0367	03	01	02	-0.1182	00.0509	01	01	02
00616	-0.2460	-0.1197	02	02	02	-0.0708	00.0120	03	01	02	-0.2223	-0.0767	02	01	02	-0.2538	00.0466	03	01	02	-0.1152	00.0417	01	01	02
00617	-0.2434	-0.1133	02	02	02	-0.0614	00.0105	03	01	02	-0.2178	-0.0829	02	01	02	-0.2526	00.0565	03	01	02	-0.1194	00.0331	01	01	02
00618	-0.2418	-0.1058	02	02	02	-0.0520	00.0139	03	01	02	-0.2078	-0.0870	02	01	02	-0.2514	00.0665	03	01	02	-0.1276	00.0275	01	01	02
00619	-0.2385	-0.0967	02	02	02	-0.0427	00.0174	03	01	02	-0.2006	-0.0942	02	01	02	-0.2502	00.0764	03	01	02	-0.1358	00.0219	01	01	02
00620	-0.2337	-0.0886	02	02	02	-0.0349	00.0231	03	01	02	-0.2008	-0.1033	02	01	02	-0.2489	00.0863	03	01	02	-0.1441	00.0163	01	01	02
00621	-0.2265	-0.0847	02	02	02	-0.0333	00.0326	03	01	02	-0.2056	-0.1122	02	01	02	-0.2477	00.0962	03	01	02	-0.1524	00.0107	01	01	02
00622	-0.2172	-0.0878	02	02	02	-0.0389	00.0403	03	01	02	-0.2114	-0.1203	02	01	02	-0.2465	00.1062	03	01	02	-0.1587	00.0034	01	01	02
00623	-0.2079	-0.0914	02	02	02	-0.0483	00.0419	03	01	02	-0.2173	-0.1284	02	01	02	-0.2453	00.1161	03	01	02	-0.1580	-0.0062	01	01	02
00624	-0.1985	-0.0951	02	02	02	-0.0577	00.0385	03	01	02	-0.2231	-0.1365	02	01	02	-0.2416	00.1250	03	01	02	-0.1551	-0.0153	01	01	02
00625	-0.1892	-0.0987	02	02	02	-0.0671	00.0349	03	01	02	-0.2290	-0.1446	02	01	02	-0.2328	00.1287	03	01	02	-0.1592	-0.0240	01	01	02
00626	-0.1799	-0.1023	02	02	02	-0.0766	00.0341	03	01	02	-0.2349	-0.1527	02	01	02	-0.2233	00.1303	03	01	02	-0.1674	-0.0296	01	01	02
00627	-0.1706	-0.1059	02	02	02	-0.0841	00.0401	03	01	02	-0.2407	-0.1608	02	01	02	-0.2175	00.1379	03	01	02	-0.1757	-0.0352	01	01	02
00628	-0.1610	-0.1069	02	02	02	-0.0898	00.0478	03	01	02	-0.2441	-0.1698	02	01	02	-0.2137	00.1467	03	01	02	-0.1840	-0.0408	01	01	02
00629	-0.1535	-0.1010	02	02	02	-0.0993	00.0494	03	01	02	-0.2402	-0.1785	02	01	02	-0.2049	00.1505	03	01	02	-0.1923	-0.0464	01	01	02
00630	-0.1477	-0.0933	02	02	02	-0.1089	00.0486	03	01	02	-0.2322	-0.1845	02	01	02	-0.1954	00.1520	03	01	02	-0.1985	-0.0537	01	01	02
00631	-0.1382	-0.0918	02	02	02	-0.1163	00.0546	03	01	02	-0.2241	-0.1903	02	01	02	-0.1897	00.1596	03	01	02	-0.1979	-0.0633	02	01	02
00632	-0.1305	-0.0975	02	02	02	-0.1221	00.0623	03	01	02	-0.2160	-0.1962	02	01	02	-0.1859	00.1685	03	01	02	-0.1924	-0.0716	02	01	02
00633	-0.1290	-0.1069	02	02	02	-0.1315	00.0639	03	01	02	-0.2079	-0.2021	02	01	02	-0.1771	00.1723	03	01	02	-0.1868	-0.0799	02	01	02
00634	-0.1326	-0.1163	02	02	02	-0.1409	00.0605	03	01	02	-0.1989	-0.2054	02	01	02	-0.1672	00.1711	03	01	02	-0.1812	-0.0882	02	01	02
00635	-0.1362	-0.1256	02	02	02	-0.1502	00.0569	03	01	02	-0.1902	-0.2016	02	01	02	-0.1573	00.1699	03	01	02	-0.1756	-0.0965	02	01	02
00636	-0.1398	-0.1349	02	02	02	-0.1596	00.0534	03	01	02	-0.1826	-0.1956	02	01	02	-0.1484	00.1663	03	01	02	-0.1700	-0.1048	02	01	02
00637	-0.1435	-0.1442	02	02	02	-0.1689	00.0499	03	01	02	-0.1730	-0.1966	02	01	02	-0.1446	00.1575	03	01	02	-0.1644	-0.1130	02	01	02
00638	-0.1471	-0.1535	02	02	02	-0.1783	00.0463	03	01	02	-0.1649	-0.2023	02	01	02	-0.1431	00.1480	03	01	02	-0.1588	-0.1213	02	01	02
00639	-0.1507	-0.1629	02	02	02	-0.1876	00.0428	03	01	02	-0.1568	-0.2082	02	01	02	-0.1355	00.1422	03	01	02	-0.1532	-0.1296	02	01	02
00640	-0.1544	-0.1722	02	02	02	-0.1970	00.0392	03	01	02	-0.1487	-0.2141	02	01	02	-0.1266	00.1384	03	01	02	-0.1459	-0.1359	02	01	02
00641	-0.1580	-0.1815	02	02	02	-0.2063	00.0357	03	01	02	-0.1406	-0.2199	02	01	02	-0.1228	00.1296	03	01	02	-0.1363	-0.1352	02	01	02
00642	-0.1616	-0.1908	02	02	02	-0.2157	00.0322	03	01	02	-0.1316	-0.2233	02	01	02	-0.1213	00.1201	03	01	02	-0.1272	-0.1323	02	01	02
00643	-0.1652	-0.2001	02	02	02	-0.2250	00.0286	03	01	02	-0.1229	-0.2194	02	01	02	-0.1137	00.1143	03	01	02	-0.1186	-0.1364	02	01	02
00644	-0.1689	-0.2094	02	02	02	-0.2328	00.0230	03	01	02	-0.1153	-0.2135	02	01	02	-0.1049	00.1105	03	01	02	-0.1129	-0.1446	02	01	02
00645	-0.1725	-0.2188	02	02	02	-0.2344	00.0135	03	01	02	-0.1057	-0.2145	02	01	02	-0.1011	00.1017	03	01	02	-0.1073	-0.1529	02	01	02
00646	-0.1761	-0.2281	02	02	02	-0.2336	00.0039	03	01	02	-0.0997	-0.2219	02	01	02	-0.0996	00.0922	03	01	02	-0.1042	-0.1620	02	01	02
00647	-0.1798	-0.2374	02	02	02	-0.2396	-0.0035	03	01	02	-0.1007	-0.2314	02	01	02	-0.0919	00.0865	03	01	02	-0.1084	-0.1706	02	01	02
00648	-0.1834	-0.2467	02	02	02	-0.2473	-0.0093	03	01	02	-0.1081	-0.2374	02	01	02	-0.0831	00.0827	03	01	02	-0.1166	-0.1763	02	01	02
00649	-0.1870	-0.2560	02	02	02	-0.2489	-0.0187	03	01	02	-0.1176	-0.2365	02	01	02	-0.0793	00.0739	03	01	02	-0.1249	-0.1819	02	01	02